{"type": "FeatureCollection", "features": [{"type": "Feature", "properties": {"kecamatan": "Babelan", "jumlah_desa": 9}, "geometry": {"type": "Polygon", "coordinates": [[[107.0448, -6.1757, 0.0], [107.0441, -6.178, 0.0], [107.0426, -6.1794, 0.0], [107.0435, -6.1807, 0.0], [107.043, -6.1825, 0.0], [107.0409, -6.1825, 0.0], [107.0403, -6.1835, 0.0], [107.0404, -6.1854, 0.0], [107.041, -6.1862, 0.0], [107.042, -6.1863, 0.0], [107.0435, -6.1853, 0.0], [107.0445, -6.1863, 0.0], [107.0443, -6.1889, 0.0], [107.0427, -6.192, 0.0], [107.0428, -6.1937, 0.0], [107.0416, -6.1958, 0.0], [107.0436, -6.1988, 0.0], [107.0436, -6.1997, 0.0], [107.0407, -6.2004, 0.0], [107.0407, -6.2026, 0.0], [107.0389, -6.2039, 0.0], [107.039, -6.2056, 0.0], [107.0384, -6.2065, 0.0], [107.0373, -6.2067, 0.0], [107.0361, -6.2055, 0.0], [107.0345, -6.2052, 0.0], [107.0338, -6.2062, 0.0], [107.0327, -6.2054, 0.0], [107.0328, -6.2032, 0.0], [107.0336, -6.2023, 0.0], [107.0338, -6.1988, 0.0], [107.0276, -6.198, 0.0], [107.0292, -6.1954, 0.0], [107.0277, -6.1977, 0.0], [107.0255, -6.197, 0.0], [107.0228, -6.1975, 0.0], [107.0199, -6.1964, 0.0], [107.0197, -6.1989, 0.0], [107.0183, -6.2, 0.0], [107.0163, -6.1983, 0.0], [107.0155, -6.1953, 0.0], [107.0138, -6.195, 0.0], [107.0133, -6.1957, 0.0], [107.0116, -6.195, 0.0], [107.0119, -6.1929, 0.0], [107.0103, -6.1926, 0.0], [107.0083, -6.1935, 0.0], [107.0064, -6.1932, 0.0], [107.0073, -6.1896, 0.0], [107.0075, -6.1848, 0.0], [107.0068, -6.1847, 0.0], [107.0063, -6.1837, 0.0], [107.0066, -6.1821, 0.0], [107.0059, -6.1814, 0.0], [107.0061, -6.18, 0.0], [107.0068, -6.18, 0.0], [107.007, -6.1793, 0.0], [107.0067, -6.1774, 0.0], [107.0097, -6.177, 0.0], [107.0098, -6.1746, 0.0], [107.0108, -6.1747, 0.0], [107.0114, -6.1692, 0.0], [107.0115, -6.1683, 0.0], [107.0093, -6.1682, 0.0], [107.0095, -6.167, 0.0], [107.0085, -6.1665, 0.0], [107.0087, -6.1626, 0.0], [107.0099, -6.1591, 0.0], [107.0094, -6.1536, 0.0], [107.0132, -6.1534, 0.0], [107.0133, -6.1527, 0.0], [107.01467915367483, -6.152761024498886, 0.0], [107.0144, -6.1509, 0.0], [107.0134, -6.1504, 0.0], [107.0139, -6.1429, 0.0], [107.0114, -6.1431, 0.0], [107.0096, -6.1424, 0.0], [107.0099, -6.1392, 0.0], [107.0092, -6.1391, 0.0], [107.0099, -6.1372, 0.0], [107.0128, -6.137, 0.0], [107.0131, -6.1352, 0.0], [107.015, -6.1357, 0.0], [107.0155, -6.1339, 0.0], [107.0181, -6.1343, 0.0], [107.0185, -6.135, 0.0], [107.0198, -6.1345, 0.0], [107.02, -6.1317, 0.0], [107.0195, -6.131, 0.0], [107.021, -6.1257, 0.0], [107.02121686746987, -6.125656626506026, 0.0], [107.0219, -6.1239, 0.0], [107.0231, -6.1236, 0.0], [107.0252, -6.1219, 0.0], [107.0253, -6.1207, 0.0], [107.0269, -6.1205, 0.0], [107.0271, -6.1193, 0.0], [107.0278, -6.1194, 0.0], [107.028, -6.1182, 0.0], [107.0326, -6.1188, 0.0], [107.0324, -6.1117, 0.0], [107.0311, -6.1096, 0.0], [107.0304, -6.105, 0.0], [107.0299, -6.095, 0.0], [107.029, -6.0945, 0.0], [107.0284, -6.0873, 0.0], [107.0278, -6.0864, 0.0], [107.0275, -6.0797, 0.0], [107.0297, -6.0795, 0.0], [107.0275, -6.0796, 0.0], [107.025, -6.0783, 0.0], [107.0242, -6.0774, 0.0], [107.0245, -6.0766, 0.0], [107.023, -6.0734, 0.0], [107.0183, -6.0703, 0.0], [107.0172, -6.0703, 0.0], [107.0165, -6.0691, 0.0], [107.0129, -6.0705, 0.0], [107.0113, -6.0734, 0.0], [107.0092, -6.0753, 0.0], [107.0074, -6.0744, 0.0], [107.006, -6.0726, 0.0], [107.0051, -6.0731, 0.0], [107.0022, -6.0705, 0.0], [107.0024, -6.0699, 0.0], [107.001, -6.0705, 0.0], [107.0008, -6.0698, 0.0], [107.0011, -6.0704, 0.0], [107.0018, -6.0701, 0.0], [107.0009, -6.069, 0.0], [107.0013, -6.0682, 0.0], [107.0006, -6.0679, 0.0], [106.9999, -6.0664, 0.0], [106.9994, -6.0665, 0.0], [107.0004, -6.066, 0.0], [106.9997, -6.0649, 0.0], [106.9992, -6.065, 0.0], [106.9994, -6.0644, 0.0], [106.9986, -6.0631, 0.0], [106.9997, -6.0624, 0.0], [106.999, -6.062, 0.0], [106.9988, -6.0609, 0.0], [106.999, -6.0605, 0.0], [106.9996, -6.0607, 0.0], [106.9998, -6.0599, 0.0], [106.9988, -6.0602, 0.0], [106.9996, -6.0598, 0.0], [106.9992, -6.0594, 0.0], [106.9995, -6.0589, 0.0], [106.9988, -6.059, 0.0], [107.0003, -6.0585, 0.0], [106.9959, -6.0572, 0.0], [107.0, -6.0579, 0.0], [106.9968, -6.0569, 0.0], [106.9968, -6.0572, 0.0], [106.9961, -6.0571, 0.0], [106.9963, -6.0562, 0.0], [106.9951, -6.0568, 0.0], [106.994, -6.0558, 0.0], [106.9942, -6.0553, 0.0], [106.9931, -6.0552, 0.0], [106.993, -6.0546, 0.0], [106.9918, -6.0542, 0.0], [106.9913, -6.0553, 0.0], [106.9916, -6.0543, 0.0], [106.9912, -6.0535, 0.0], [106.99, -6.0535, 0.0], [106.989, -6.055, 0.0], [106.9859, -6.0534, 0.0], [106.9851, -6.0539, 0.0], [106.9861, -6.0537, 0.0], [106.9861, -6.0548, 0.0], [106.9844, -6.0556, 0.0], [106.9794, -6.0558, 0.0], [106.9784, -6.0553, 0.0], [106.9784, -6.0562, 0.0], [106.9774, -6.0546, 0.0], [106.9762, -6.0549, 0.0], [106.9764, -6.0557, 0.0], [106.9758, -6.0559, 0.0], [106.975, -6.0547, 0.0], [106.9742, -6.0545, 0.0], [106.9732, -6.0525, 0.0], [106.9751, -6.0523, 0.0], [106.9746, -6.0514, 0.0], [106.9753, -6.0495, 0.0], [106.975, -6.0482, 0.0], [106.9752, -6.0488, 0.0], [106.9758, -6.0486, 0.0], [106.9764, -6.0495, 0.0], [106.9772, -6.0526, 0.0], [106.9785, -6.0534, 0.0], [106.9835, -6.0533, 0.0], [106.9848, -6.0526, 0.0], [106.9867, -6.0502, 0.0], [106.988, -6.0501, 0.0], [106.9986, -6.053, 0.0], [107.0075, -6.057, 0.0], [107.009, -6.0582, 0.0], [107.0103, -6.0578, 0.0], [107.0141, -6.06, 0.0], [107.016, -6.0598, 0.0], [107.0184, -6.0604, 0.0], [107.026, -6.0597, 0.0], [107.0319, -6.0618, 0.0], [107.0361, -6.062, 0.0], [107.0386, -6.0634, 0.0], [107.041, -6.0627, 0.0], [107.0437, -6.0631, 0.0], [107.0454, -6.0616, 0.0], [107.0478, -6.0605, 0.0], [107.0515, -6.0558, 0.0], [107.0537, -6.0548, 0.0], [107.0552, -6.0503, 0.0], [107.0551, -6.0476, 0.0], [107.0586, -6.047, 0.0], [107.0594, -6.0473, 0.0], [107.06, -6.0486, 0.0], [107.0574, -6.0506, 0.0], [107.0568, -6.0518, 0.0], [107.0569, -6.0528, 0.0], [107.0596, -6.0539, 0.0], [107.0581, -6.0559, 0.0], [107.06, -6.0563, 0.0], [107.0606, -6.0574, 0.0], [107.0589, -6.0586, 0.0], [107.058, -6.0652, 0.0], [107.0598, -6.0661, 0.0], [107.06, -6.0681, 0.0], [107.0615, -6.0676, 0.0], [107.0623, -6.0681, 0.0], [107.0626, -6.0689, 0.0], [107.0608, -6.07, 0.0], [107.0622, -6.0734, 0.0], [107.0611, -6.0767, 0.0], [107.0574, -6.0789, 0.0], [107.0574, -6.0804, 0.0], [107.0584, -6.0821, 0.0], [107.0552, -6.0852, 0.0], [107.0562, -6.0865, 0.0], [107.0545, -6.0892, 0.0], [107.0524, -6.0884, 0.0], [107.052, -6.0893, 0.0], [107.0529, -6.0922, 0.0], [107.054, -6.0935, 0.0], [107.0532, -6.0949, 0.0], [107.0535, -6.0988, 0.0], [107.0549, -6.0997, 0.0], [107.0557, -6.1013, 0.0], [107.0577, -6.1033, 0.0], [107.0603, -6.1037, 0.0], [107.0622, -6.103, 0.0], [107.0632, -6.1033, 0.0], [107.0635, -6.106, 0.0], [107.0651, -6.1077, 0.0], [107.0649, -6.11, 0.0], [107.0673, -6.1113, 0.0], [107.0684, -6.111, 0.0], [107.0687, -6.1116, 0.0], [107.0683, -6.1126, 0.0], [107.0669, -6.1126, 0.0], [107.0681, -6.1159, 0.0], [107.065, -6.1198, 0.0], [107.0652, -6.1215, 0.0], [107.0644, -6.1238, 0.0], [107.0627, -6.1234, 0.0], [107.0618, -6.1255, 0.0], [107.0619, -6.1269, 0.0], [107.0599, -6.1266, 0.0], [107.0567, -6.1308, 0.0], [107.0576, -6.1321, 0.0], [107.0574, -6.1344, 0.0], [107.0546, -6.1379, 0.0], [107.0544, -6.1394, 0.0], [107.0533, -6.1398, 0.0], [107.0506, -6.1395, 0.0], [107.0487, -6.1407, 0.0], [107.0488, -6.1446, 0.0], [107.0474, -6.146, 0.0], [107.0469, -6.1495, 0.0], [107.0475, -6.1517, 0.0], [107.0453, -6.1524, 0.0], [107.0442, -6.1566, 0.0], [107.0466, -6.1599, 0.0], [107.0495, -6.165, 0.0], [107.0486, -6.1671, 0.0], [107.049, -6.1692, 0.0], [107.0466, -6.1696, 0.0], [107.0467, -6.1714, 0.0], [107.048, -6.174, 0.0], [107.0448, -6.1757, 0.0]], [[107.0504, -6.0891, 0.0], [107.04768, -6.08978, 0.0], [107.052, -6.0893, 0.0], [107.0504, -6.0891, 0.0]], [[107.0346, -6.1308, 0.0], [107.035, -6.1351, 0.0], [107.03461739130435, -6.1307, 0.0], [107.0291, -6.1307, 0.0], [107.0346, -6.1308, 0.0]], [[107.0333, -6.1716, 0.0], [107.031, -6.1719, 0.0], [107.03546832779624, -6.171757696566999, 0.0], [107.0333, -6.1716, 0.0]], [[107.03098476821192, -6.1722960264900655, 0.0], [107.0287, -6.1717, 0.0], [107.03098476821192, -6.172296026490066, 0.0], [107.03098476821192, -6.1722960264900655, 0.0]], [[107.0252, -6.1501, 0.0], [107.02514166666667, -6.150401388888894, 0.0], [107.0254, -6.1501, 0.0], [107.0285, -6.1498, 0.0], [107.0252, -6.1501, 0.0]], [[107.04695865921788, -6.110381564245814, 0.0], [107.04705506216696, -6.110628596802841, 0.0], [107.0471, -6.1106, 0.0], [107.04695865921788, -6.110381564245814, 0.0]], [[107.0374, -6.1294, 0.0], [107.0384872600349, -6.13040959860384, 0.0], [107.0389, -6.1304, 0.0], [107.0374, -6.1294, 0.0]], [[107.0372, -6.1257, 0.0], [107.0381, -6.1264, 0.0], [107.0372, -6.1255, 0.0], [107.0372, -6.1257, 0.0]], [[107.0378, -6.1244, 0.0], [107.03776283185842, -6.124330973451327, 0.0], [107.0372, -6.1248, 0.0], [107.0372, -6.1255, 0.0], [107.0378, -6.1244, 0.0]], [[107.0371, -6.1225, 0.0], [107.03718484848484, -6.122718181818184, 0.0], [107.03727142857143, -6.122328571428566, 0.0], [107.0371, -6.1225, 0.0]], [[107.0378, -6.1218, 0.0], [107.03744, -6.122160000000002, 0.0], [107.0387, -6.1218, 0.0], [107.0378, -6.1218, 0.0]], [[107.0446, -6.1186, 0.0], [107.0456, -6.1204, 0.0], [107.04564716157205, -6.120408733624455, 0.0], [107.0446, -6.1186, 0.0]], [[107.045, -6.1175, 0.0], [107.04390725274726, -6.11740065934066, 0.0], [107.04390724637682, -6.117400724637682, 0.0], [107.0449, -6.1175, 0.0], [107.0446, -6.1186, 0.0], [107.045, -6.1175, 0.0]], [[107.04882732240438, -6.126304371584699, 0.0], [107.0488, -6.1264, 0.0], [107.0513, -6.1267, 0.0], [107.04882732240438, -6.126304371584699, 0.0]]]}}, {"type": "Feature", "properties": {"kecamatan": "Bojongmangu", "jumlah_desa": 6}, "geometry": {"type": "Polygon", "coordinates": [[[107.1692, -6.4482, 0.0], [107.1701, -6.4483, 0.0], [107.1699, -6.4491, 0.0], [107.1716148748159, -6.450689396170835, 0.0], [107.1721, -6.4498, 0.0], [107.1713, -6.4493, 0.0], [107.1717, -6.4465, 0.0], [107.1701, -6.4462, 0.0], [107.1706, -6.4447, 0.0], [107.1689, -6.4434, 0.0], [107.1668, -6.4431, 0.0], [107.1675, -6.4421, 0.0], [107.167, -6.4428, 0.0], [107.1647, -6.4413, 0.0], [107.1634, -6.441, 0.0], [107.1611, -6.4423, 0.0], [107.1603, -6.4422, 0.0], [107.1557, -6.4399, 0.0], [107.1533, -6.4395, 0.0], [107.1528, -6.4387, 0.0], [107.1515, -6.4382, 0.0], [107.1511, -6.4363, 0.0], [107.1501, -6.4361, 0.0], [107.1491, -6.4349, 0.0], [107.149, -6.4341, 0.0], [107.1498, -6.4341, 0.0], [107.1499, -6.4323, 0.0], [107.1488, -6.4295, 0.0], [107.1498, -6.428, 0.0], [107.1494, -6.4276, 0.0], [107.1484, -6.4282, 0.0], [107.148, -6.4273, 0.0], [107.1496, -6.4249, 0.0], [107.1508, -6.4254, 0.0], [107.1538, -6.4246, 0.0], [107.1541, -6.4239, 0.0], [107.1533, -6.4213, 0.0], [107.1551, -6.4212, 0.0], [107.155, -6.419, 0.0], [107.1558, -6.4185, 0.0], [107.1571, -6.4189, 0.0], [107.15790000000001, -6.417699999999992, 0.0], [107.1577, -6.4179, 0.0], [107.1568, -6.4175, 0.0], [107.1581, -6.4152, 0.0], [107.1603, -6.4148, 0.0], [107.1615, -6.412, 0.0], [107.1633, -6.4123, 0.0], [107.1628, -6.4097, 0.0], [107.1642, -6.4091, 0.0], [107.1644, -6.4065, 0.0], [107.1666, -6.4069, 0.0], [107.1662, -6.405, 0.0], [107.1674, -6.4049, 0.0], [107.1686, -6.4057, 0.0], [107.1716, -6.4028, 0.0], [107.1719, -6.4034, 0.0], [107.1713, -6.4044, 0.0], [107.172, -6.4055, 0.0], [107.1728, -6.4048, 0.0], [107.1731, -6.403, 0.0], [107.1724, -6.4013, 0.0], [107.1746, -6.4024, 0.0], [107.1758, -6.4023, 0.0], [107.175, -6.4002, 0.0], [107.1764, -6.4002, 0.0], [107.177, -6.3982, 0.0], [107.1791, -6.3981, 0.0], [107.1811, -6.3961, 0.0], [107.1816, -6.393, 0.0], [107.1862, -6.3975, 0.0], [107.1914, -6.3936, 0.0], [107.1942, -6.3968, 0.0], [107.1963, -6.3952, 0.0], [107.1979, -6.3971, 0.0], [107.1991, -6.3962, 0.0], [107.201, -6.3983, 0.0], [107.1986, -6.4, 0.0], [107.202, -6.3977, 0.0], [107.2029, -6.3958, 0.0], [107.205, -6.3954, 0.0], [107.2055, -6.3943, 0.0], [107.2068, -6.3949, 0.0], [107.2067, -6.3954, 0.0], [107.2091, -6.3971, 0.0], [107.2104, -6.3956, 0.0], [107.213, -6.3961, 0.0], [107.2159, -6.3937, 0.0], [107.2172, -6.3933, 0.0], [107.2177, -6.3938, 0.0], [107.218, -6.3928, 0.0], [107.2186, -6.3931, 0.0], [107.2185, -6.3922, 0.0], [107.2209, -6.3921, 0.0], [107.2199, -6.3962, 0.0], [107.222, -6.4001, 0.0], [107.222, -6.4025, 0.0], [107.2209, -6.4046, 0.0], [107.2212, -6.4084, 0.0], [107.2173, -6.4077, 0.0], [107.216, -6.4086, 0.0], [107.2136, -6.4087, 0.0], [107.2126, -6.4096, 0.0], [107.2119, -6.4148, 0.0], [107.2129, -6.4163, 0.0], [107.2122, -6.4172, 0.0], [107.2105, -6.417, 0.0], [107.2066, -6.4147, 0.0], [107.202, -6.4139, 0.0], [107.2037, -6.4199, 0.0], [107.2056, -6.421, 0.0], [107.2038, -6.4235, 0.0], [107.2012, -6.4222, 0.0], [107.1973, -6.4219, 0.0], [107.1963, -6.4226, 0.0], [107.1966, -6.4238, 0.0], [107.1977, -6.4249, 0.0], [107.2029, -6.4255, 0.0], [107.2037, -6.4261, 0.0], [107.2067, -6.4349, 0.0], [107.206, -6.4356, 0.0], [107.2038, -6.4359, 0.0], [107.202, -6.4354, 0.0], [107.202, -6.4361, 0.0], [107.207, -6.4411, 0.0], [107.2118, -6.4496, 0.0], [107.2111, -6.4525, 0.0], [107.2089, -6.4513, 0.0], [107.2079, -6.4493, 0.0], [107.2059, -6.4503, 0.0], [107.2054, -6.4519, 0.0], [107.2123, -6.4548, 0.0], [107.2153, -6.458, 0.0], [107.2169, -6.4614, 0.0], [107.2156, -6.4624, 0.0], [107.2147, -6.4646, 0.0], [107.2132, -6.4645, 0.0], [107.2116, -6.4662, 0.0], [107.2086, -6.4682, 0.0], [107.2036, -6.4638, 0.0], [107.201, -6.4608, 0.0], [107.1989, -6.4606, 0.0], [107.1987, -6.4637, 0.0], [107.1982, -6.4635, 0.0], [107.198, -6.4615, 0.0], [107.196, -6.4609, 0.0], [107.1956, -6.461, 0.0], [107.1957, -6.463, 0.0], [107.1951, -6.4638, 0.0], [107.1925, -6.4631, 0.0], [107.1896, -6.4639, 0.0], [107.1892, -6.4697, 0.0], [107.1861, -6.4714, 0.0], [107.1847, -6.4714, 0.0], [107.1843, -6.4709, 0.0], [107.1844, -6.47, 0.0], [107.1859, -6.4688, 0.0], [107.1857, -6.4672, 0.0], [107.1847, -6.467, 0.0], [107.1822, -6.4678, 0.0], [107.1816, -6.4688, 0.0], [107.183, -6.4713, 0.0], [107.1828, -6.4735, 0.0], [107.18, -6.4731, 0.0], [107.1787, -6.4737, 0.0], [107.1811, -6.475, 0.0], [107.1808, -6.4781, 0.0], [107.1783, -6.4797, 0.0], [107.1756, -6.4789, 0.0], [107.1723, -6.4798, 0.0], [107.1715, -6.4805, 0.0], [107.1714, -6.4818, 0.0], [107.1733, -6.4831, 0.0], [107.174, -6.4858, 0.0], [107.1736, -6.4849, 0.0], [107.1729, -6.485, 0.0], [107.1716, -6.4841, 0.0], [107.1709, -6.4839, 0.0], [107.1707, -6.4846, 0.0], [107.1698, -6.4839, 0.0], [107.1693, -6.4843, 0.0], [107.1669, -6.4836, 0.0], [107.1634, -6.4809, 0.0], [107.1617, -6.4808, 0.0], [107.162, -6.4793, 0.0], [107.1615, -6.4789, 0.0], [107.1605, -6.4785, 0.0], [107.1602, -6.4793, 0.0], [107.1597, -6.4791, 0.0], [107.1598, -6.4783, 0.0], [107.1585, -6.4773, 0.0], [107.1558, -6.476, 0.0], [107.1467, -6.4717, 0.0], [107.1462, -6.4729, 0.0], [107.1445, -6.4717, 0.0], [107.1408, -6.4716, 0.0], [107.1389, -6.4697, 0.0], [107.1384, -6.4682, 0.0], [107.1354, -6.4669, 0.0], [107.1341, -6.4648, 0.0], [107.1323, -6.4636, 0.0], [107.1319, -6.4641, 0.0], [107.1325, -6.4654, 0.0], [107.1319, -6.4659, 0.0], [107.1334, -6.467, 0.0], [107.132, -6.4678, 0.0], [107.1329, -6.4686, 0.0], [107.1314, -6.4681, 0.0], [107.1293, -6.47, 0.0], [107.1305, -6.4698, 0.0], [107.1309, -6.471, 0.0], [107.1299, -6.4708, 0.0], [107.1291, -6.4718, 0.0], [107.1227, -6.4683, 0.0], [107.12, -6.4682, 0.0], [107.1187, -6.4655, 0.0], [107.1144, -6.465, 0.0], [107.1133, -6.4644, 0.0], [107.1129, -6.4634, 0.0], [107.115, -6.4607, 0.0], [107.1167, -6.46, 0.0], [107.1173, -6.4606, 0.0], [107.117, -6.4595, 0.0], [107.119, -6.4583, 0.0], [107.1196, -6.4576, 0.0], [107.1194, -6.4561, 0.0], [107.1203, -6.4557, 0.0], [107.1222, -6.456, 0.0], [107.123, -6.4574, 0.0], [107.1241, -6.4568, 0.0], [107.1264, -6.4579, 0.0], [107.1269, -6.4571, 0.0], [107.1274, -6.4573, 0.0], [107.1289, -6.4558, 0.0], [107.1297, -6.4557, 0.0], [107.1329, -6.4562, 0.0], [107.1338, -6.4558, 0.0], [107.1345, -6.4567, 0.0], [107.1354, -6.456, 0.0], [107.1367, -6.4567, 0.0], [107.1376, -6.4562, 0.0], [107.1389, -6.4567, 0.0], [107.1384, -6.458, 0.0], [107.1389, -6.4584, 0.0], [107.1409, -6.4577, 0.0], [107.1417, -6.4589, 0.0], [107.1424, -6.459, 0.0], [107.1439, -6.4577, 0.0], [107.143, -6.4564, 0.0], [107.1436, -6.456, 0.0], [107.1462, -6.455, 0.0], [107.1481, -6.4561, 0.0], [107.1483, -6.4569, 0.0], [107.1488, -6.4567, 0.0], [107.1505, -6.4549, 0.0], [107.1514, -6.455, 0.0], [107.1526, -6.4537, 0.0], [107.153, -6.4542, 0.0], [107.1541, -6.4535, 0.0], [107.1556, -6.4541, 0.0], [107.156, -6.4531, 0.0], [107.1572, -6.4535, 0.0], [107.1592, -6.4523, 0.0], [107.1597, -6.4511, 0.0], [107.16, -6.4513, 0.0], [107.1619, -6.4494, 0.0], [107.1629, -6.4493, 0.0], [107.1628, -6.4489, 0.0], [107.1639, -6.4483, 0.0], [107.1646, -6.4486, 0.0], [107.1681, -6.449, 0.0], [107.1692, -6.4482, 0.0]], [[107.16681636363636, -6.440903636363621, 0.0], [107.1668, -6.4411, 0.0], [107.1675, -6.4421, 0.0], [107.16681636363636, -6.440903636363621, 0.0]], [[107.16708934911243, -6.439698816568038, 0.0], [107.1669, -6.4399, 0.0], [107.1668696969697, -6.44026363636366, 0.0], [107.16708934911243, -6.439698816568038, 0.0]], [[107.16854523809523, -6.438195238095237, 0.0], [107.1685, -6.4382, 0.0], [107.16844838709676, -6.438254838709687, 0.0], [107.16854523809523, -6.438195238095237, 0.0]], [[107.1748, -6.4281, 0.0], [107.17487021276597, -6.4278132978722935, 0.0], [107.1729, -6.432, 0.0], [107.1748, -6.4281, 0.0]]]}}, {"type": "Feature", "properties": {"kecamatan": "Cabangbungin", "jumlah_desa": 8}, "geometry": {"type": "Polygon", "coordinates": [[[107.1756, -6.114, 0.0], [107.1751, -6.1146, 0.0], [107.1714, -6.1116, 0.0], [107.1709, -6.1123, 0.0], [107.1704, -6.1118, 0.0], [107.1698, -6.1121, 0.0], [107.1664, -6.1081, 0.0], [107.1663, -6.1073, 0.0], [107.1645, -6.1067, 0.0], [107.1638, -6.1054, 0.0], [107.1425, -6.0992, 0.0], [107.1134, -6.0901, 0.0], [107.113, -6.0909, 0.0], [107.1111, -6.0902, 0.0], [107.1107, -6.0893, 0.0], [107.1075254069075, -6.088307939658595, 0.0], [107.1049, -6.0971, 0.0], [107.092, -6.0935, 0.0], [107.0892, -6.0726, 0.0], [107.0891, -6.0682, 0.0], [107.1049, -6.0667, 0.0], [107.1065, -6.0672, 0.0], [107.1071, -6.0659, 0.0], [107.1038, -6.0613, 0.0], [107.0855, -6.0481, 0.0], [107.0866, -6.0455, 0.0], [107.0882, -6.0434, 0.0], [107.0875, -6.0388, 0.0], [107.0856, -6.0391, 0.0], [107.0859, -6.0365, 0.0], [107.0866, -6.0355, 0.0], [107.0891, -6.0374, 0.0], [107.0904, -6.0368, 0.0], [107.0933, -6.0368, 0.0], [107.093, -6.0391, 0.0], [107.0956, -6.0414, 0.0], [107.0976, -6.0408, 0.0], [107.1002, -6.0378, 0.0], [107.1017, -6.0392, 0.0], [107.1035, -6.0377, 0.0], [107.1043, -6.0386, 0.0], [107.1096, -6.0361, 0.0], [107.112, -6.0355, 0.0], [107.1126, -6.0355, 0.0], [107.1131, -6.0385, 0.0], [107.1142, -6.0395, 0.0], [107.1182, -6.0393, 0.0], [107.1191, -6.0396, 0.0], [107.1202, -6.0447, 0.0], [107.1217, -6.0471, 0.0], [107.1227, -6.0474, 0.0], [107.125, -6.0461, 0.0], [107.1265, -6.0461, 0.0], [107.1278, -6.0474, 0.0], [107.1244, -6.0506, 0.0], [107.1252, -6.0532, 0.0], [107.1274, -6.0547, 0.0], [107.1285, -6.0546, 0.0], [107.1322, -6.0525, 0.0], [107.1351, -6.0496, 0.0], [107.1362, -6.0496, 0.0], [107.1372, -6.0527, 0.0], [107.1368, -6.0556, 0.0], [107.1364, -6.056, 0.0], [107.1327, -6.0557, 0.0], [107.1309, -6.0594, 0.0], [107.1304, -6.0607, 0.0], [107.1307, -6.0622, 0.0], [107.1335, -6.0636, 0.0], [107.1344, -6.0635, 0.0], [107.1365, -6.0618, 0.0], [107.1389, -6.0573, 0.0], [107.1409, -6.0575, 0.0], [107.1404, -6.0636, 0.0], [107.14125909090909, -6.065986363636363, 0.0], [107.1413, -6.0659, 0.0], [107.1428, -6.0697, 0.0], [107.1436, -6.0713, 0.0], [107.1459, -6.0714, 0.0], [107.1488, -6.0725, 0.0], [107.1516, -6.0728, 0.0], [107.1535, -6.072, 0.0], [107.1559, -6.0686, 0.0], [107.1586, -6.0675, 0.0], [107.1612, -6.0684, 0.0], [107.1666, -6.0728, 0.0], [107.1719, -6.0759, 0.0], [107.1761, -6.0815, 0.0], [107.1779, -6.0816, 0.0], [107.1789, -6.0812, 0.0], [107.1822, -6.0773, 0.0], [107.184, -6.0764, 0.0], [107.1857, -6.0766, 0.0], [107.1881, -6.079, 0.0], [107.1884, -6.0815, 0.0], [107.187, -6.0853, 0.0], [107.1874, -6.0873, 0.0], [107.1903, -6.0899, 0.0], [107.1956, -6.0913, 0.0], [107.1921, -6.1024, 0.0], [107.19, -6.1073, 0.0], [107.1905, -6.1079, 0.0], [107.1897, -6.11, 0.0], [107.1906, -6.1103, 0.0], [107.1904, -6.113, 0.0], [107.19, -6.114, 0.0], [107.186, -6.1146, 0.0], [107.1859, -6.1141, 0.0], [107.1823, -6.1141, 0.0], [107.1821, -6.1133, 0.0], [107.1777, -6.1157, 0.0], [107.171, -6.1052, 0.0], [107.1768, -6.1143, 0.0], [107.1764, -6.1146, 0.0], [107.1756, -6.114, 0.0]], [[107.1196, -6.0819, 0.0], [107.11955693581781, -6.081823809523809, 0.0], [107.11941395348838, -6.082234883720941, 0.0], [107.1196, -6.0819, 0.0]], [[107.1421, -6.0851, 0.0], [107.154, -6.0907, 0.0], [107.1369, -6.0826, 0.0], [107.1421, -6.0851, 0.0]], [[107.1437, -6.0885, 0.0], [107.1417, -6.088, 0.0], [107.1437, -6.0887, 0.0], [107.1437, -6.089230769230774, 0.0], [107.1438, -6.0891, 0.0], [107.1437, -6.0885, 0.0]], [[107.16722727272729, -6.0986363636363805, 0.0], [107.16589164345405, -6.0973710306406765, 0.0], [107.1661, -6.0978, 0.0], [107.16722727272729, -6.0986363636363805, 0.0]], [[107.1813, -6.0929, 0.0], [107.1819953153153, -6.092450090090097, 0.0], [107.16743014771312, -6.098786883787152, 0.0], [107.1674304218066, -6.098787087146836, 0.0], [107.1813, -6.0929, 0.0]], [[107.1812, -6.0891, 0.0], [107.18436588235298, -6.0905070588235475, 0.0], [107.1776, -6.0866, 0.0], [107.1812, -6.0891, 0.0]], [[107.1405, -6.0667, 0.0], [107.1404, -6.0678, 0.0], [107.14115306122449, -6.066210204081632, 0.0], [107.1405, -6.0667, 0.0]]]}}, {"type": "Feature", "properties": {"kecamatan": "Cibarusah", "jumlah_desa": 7}, "geometry": {"type": "Polygon", "coordinates": [[[107.1213, -6.427, 0.0], [107.123, -6.4267, 0.0], [107.1242, -6.4283, 0.0], [107.1253, -6.4281, 0.0], [107.12640294736842, -6.428609052631579, 0.0], [107.1266, -6.4281, 0.0], [107.1287, -6.4278, 0.0], [107.1299, -6.4293, 0.0], [107.1303, -6.4283, 0.0], [107.1317, -6.4277, 0.0], [107.1323, -6.4266, 0.0], [107.1353, -6.4258, 0.0], [107.1364, -6.4249, 0.0], [107.138, -6.425, 0.0], [107.1399, -6.4243, 0.0], [107.1412, -6.4226, 0.0], [107.1428, -6.4218, 0.0], [107.1443, -6.4219, 0.0], [107.1441, -6.4224, 0.0], [107.1458, -6.4244, 0.0], [107.1462, -6.423, 0.0], [107.1479, -6.4225, 0.0], [107.1472, -6.4215, 0.0], [107.1478, -6.4209, 0.0], [107.1485, -6.4211, 0.0], [107.1494, -6.4197, 0.0], [107.1507, -6.4193, 0.0], [107.1547, -6.4198, 0.0], [107.1552, -6.4211, 0.0], [107.1533, -6.4214, 0.0], [107.1541, -6.4239, 0.0], [107.1538, -6.4246, 0.0], [107.1508, -6.4254, 0.0], [107.1496, -6.4249, 0.0], [107.148, -6.4273, 0.0], [107.1484, -6.4282, 0.0], [107.1494, -6.4276, 0.0], [107.1498, -6.428, 0.0], [107.1488, -6.4295, 0.0], [107.1499, -6.4323, 0.0], [107.1498, -6.4341, 0.0], [107.149, -6.4341, 0.0], [107.149, -6.4348, 0.0], [107.1501, -6.4361, 0.0], [107.1511, -6.4363, 0.0], [107.1515, -6.4382, 0.0], [107.1528, -6.4387, 0.0], [107.1533, -6.4395, 0.0], [107.1557, -6.4399, 0.0], [107.1586, -6.4416, 0.0], [107.16121235955056, -6.442296629213483, 0.0], [107.1611, -6.4421, 0.0], [107.1632, -6.441, 0.0], [107.1646, -6.4412, 0.0], [107.1668, -6.4431, 0.0], [107.1689, -6.4434, 0.0], [107.1706, -6.4447, 0.0], [107.1701, -6.4462, 0.0], [107.1717, -6.4465, 0.0], [107.1713, -6.4493, 0.0], [107.172, -6.45, 0.0], [107.1717, -6.4506, 0.0], [107.1699, -6.4491, 0.0], [107.1701, -6.4483, 0.0], [107.1692, -6.4482, 0.0], [107.1681, -6.449, 0.0], [107.1639, -6.4483, 0.0], [107.1597, -6.4511, 0.0], [107.1594, -6.4521, 0.0], [107.1579, -6.4531, 0.0], [107.1571, -6.4535, 0.0], [107.156, -6.4531, 0.0], [107.1556, -6.4541, 0.0], [107.1541, -6.4535, 0.0], [107.153, -6.4542, 0.0], [107.1526, -6.4537, 0.0], [107.1514, -6.455, 0.0], [107.1505, -6.4549, 0.0], [107.1488, -6.4567, 0.0], [107.1483, -6.4569, 0.0], [107.1481, -6.4561, 0.0], [107.1462, -6.455, 0.0], [107.1436, -6.456, 0.0], [107.143, -6.4564, 0.0], [107.1439, -6.4577, 0.0], [107.1424, -6.459, 0.0], [107.1417, -6.4589, 0.0], [107.1409, -6.4577, 0.0], [107.1389, -6.4584, 0.0], [107.1384, -6.458, 0.0], [107.1389, -6.4567, 0.0], [107.1376, -6.4562, 0.0], [107.1367, -6.4567, 0.0], [107.1354, -6.456, 0.0], [107.1345, -6.4567, 0.0], [107.1338, -6.4558, 0.0], [107.1329, -6.4562, 0.0], [107.1297, -6.4557, 0.0], [107.1289, -6.4558, 0.0], [107.1274, -6.4573, 0.0], [107.1269, -6.4571, 0.0], [107.1264, -6.4579, 0.0], [107.1241, -6.4568, 0.0], [107.123, -6.4574, 0.0], [107.1219, -6.4559, 0.0], [107.12, -6.456, 0.0], [107.1201, -6.4548, 0.0], [107.1193, -6.4564, 0.0], [107.1196, -6.4576, 0.0], [107.117, -6.4595, 0.0], [107.1173, -6.4606, 0.0], [107.1167, -6.46, 0.0], [107.115, -6.4607, 0.0], [107.1128, -6.4633, 0.0], [107.1114, -6.4629, 0.0], [107.1096, -6.4606, 0.0], [107.1066, -6.4596, 0.0], [107.1051, -6.4577, 0.0], [107.1053, -6.4568, 0.0], [107.1011, -6.455, 0.0], [107.1007, -6.4557, 0.0], [107.0934, -6.4514, 0.0], [107.0905, -6.4505, 0.0], [107.0904, -6.4498, 0.0], [107.0896, -6.4496, 0.0], [107.0895, -6.4487, 0.0], [107.0867, -6.4481, 0.0], [107.0855, -6.4485, 0.0], [107.0848, -6.4478, 0.0], [107.08431785714285, -6.44645, 0.0], [107.0843, -6.4466, 0.0], [107.0796, -6.4436, 0.0], [107.0791, -6.4425, 0.0], [107.0732, -6.4402, 0.0], [107.0733, -6.439, 0.0], [107.0731, -6.44, 0.0], [107.0629, -6.4338, 0.0], [107.0612, -6.4339, 0.0], [107.0596, -6.4352, 0.0], [107.0594, -6.4362, 0.0], [107.0576, -6.4367, 0.0], [107.0572, -6.4364, 0.0], [107.0577, -6.4356, 0.0], [107.0564, -6.4362, 0.0], [107.0566, -6.4354, 0.0], [107.0553, -6.4356, 0.0], [107.0553, -6.4348, 0.0], [107.0594, -6.4336, 0.0], [107.0592, -6.4314, 0.0], [107.0581, -6.4307, 0.0], [107.0578, -6.4296, 0.0], [107.0564, -6.4301, 0.0], [107.0559, -6.429, 0.0], [107.0546, -6.4293, 0.0], [107.0559, -6.4275, 0.0], [107.0589, -6.4267, 0.0], [107.0572, -6.4242, 0.0], [107.0584, -6.423, 0.0], [107.0616, -6.4217, 0.0], [107.0645, -6.4243, 0.0], [107.0645, -6.423, 0.0], [107.0655, -6.4227, 0.0], [107.0687, -6.4231, 0.0], [107.0693, -6.4224, 0.0], [107.0727, -6.423, 0.0], [107.0737, -6.4224, 0.0], [107.075, -6.4226, 0.0], [107.0751, -6.4221, 0.0], [107.0777, -6.4218, 0.0], [107.0774, -6.4233, 0.0], [107.0782, -6.4211, 0.0], [107.079, -6.42, 0.0], [107.0781, -6.4136, 0.0], [107.0787, -6.412, 0.0], [107.079, -6.4113, 0.0], [107.081, -6.4115, 0.0], [107.0816, -6.4063, 0.0], [107.0832, -6.4068, 0.0], [107.0849, -6.4024, 0.0], [107.0868, -6.4025, 0.0], [107.0911, -6.4045, 0.0], [107.0923, -6.4032, 0.0], [107.0933, -6.4036, 0.0], [107.093, -6.4044, 0.0], [107.0957, -6.4044, 0.0], [107.1019, -6.4071, 0.0], [107.1002, -6.4168, 0.0], [107.1025, -6.4055, 0.0], [107.102, -6.4051, 0.0], [107.1027, -6.4047, 0.0], [107.1038, -6.4049, 0.0], [107.1041, -6.4055, 0.0], [107.1072, -6.4015, 0.0], [107.1097, -6.4012, 0.0], [107.1106, -6.3998, 0.0], [107.1127, -6.399, 0.0], [107.1138, -6.3995, 0.0], [107.1143, -6.4003, 0.0], [107.114, -6.4024, 0.0], [107.1156, -6.404, 0.0], [107.1156, -6.4069, 0.0], [107.1168, -6.4074, 0.0], [107.117, -6.4082, 0.0], [107.1144, -6.4102, 0.0], [107.1144, -6.411, 0.0], [107.1151, -6.4108, 0.0], [107.1152, -6.4114, 0.0], [107.1149, -6.4154, 0.0], [107.1123, -6.4176, 0.0], [107.1122, -6.4208, 0.0], [107.1154, -6.4225, 0.0], [107.1198, -6.4234, 0.0], [107.1215, -6.4245, 0.0], [107.1208, -6.4265, 0.0], [107.1213, -6.427, 0.0]], [[107.1063, -6.4349, 0.0], [107.10696, -6.434480000000001, 0.0], [107.1054, -6.435, 0.0], [107.1063, -6.4349, 0.0]], [[107.1085, -6.4335, 0.0], [107.1084, -6.4342, 0.0], [107.10867096774193, -6.4342, 0.0], [107.1086, -6.4331, 0.0], [107.1105, -6.432, 0.0], [107.1087, -6.4328, 0.0], [107.10736901408451, -6.43421971830986, 0.0], [107.1085, -6.4335, 0.0]], [[107.11465772994129, -6.424825440313111, 0.0], [107.1145, -6.4248, 0.0], [107.1141, -6.4278, 0.0], [107.11465772994129, -6.424825440313111, 0.0]], [[107.1245, -6.4364, 0.0], [107.1246, -6.436462500000002, 0.0], [107.1246, -6.436299999999997, 0.0], [107.1245, -6.4364, 0.0]], [[107.1607, -6.4442, 0.0], [107.161, -6.4434, 0.0], [107.16060769230769, -6.444184615384615, 0.0], [107.1607, -6.4442, 0.0]], [[107.08986304347826, -6.435902173913044, 0.0], [107.0942, -6.434, 0.0], [107.0902, -6.4357, 0.0], [107.08986304347826, -6.435902173913044, 0.0]], [[107.0882, -6.4369, 0.0], [107.08812222222224, -6.437066666666642, 0.0], [107.08825555555555, -6.4368666666666705, 0.0], [107.0882, -6.4369, 0.0]], [[107.1183, -6.4495, 0.0], [107.11809318181818, -6.4494681818181805, 0.0], [107.1179, -6.4514, 0.0], [107.1183, -6.4495, 0.0]], [[107.1104, -6.4493, 0.0], [107.1089408, -6.449482399999999, 0.0], [107.1089, -6.4497, 0.0], [107.1104, -6.4493, 0.0]], [[107.10785813953488, -6.436576744186046, 0.0], [107.1088, -6.4362, 0.0], [107.1079, -6.4362, 0.0], [107.10785813953488, -6.436576744186046, 0.0]]]}}, {"type": "Feature", "properties": {"kecamatan": "Cibitung", "jumlah_desa": 7}, "geometry": {"type": "Polygon", "coordinates": [[[107.0829, -6.269, 0.0], [107.0812, -6.2698, 0.0], [107.0806, -6.2721, 0.0], [107.0833, -6.2737, 0.0], [107.0829, -6.2748, 0.0], [107.0816, -6.2749, 0.0], [107.0813, -6.2756, 0.0], [107.081, -6.2797, 0.0], [107.0794, -6.2844, 0.0], [107.0745, -6.2828, 0.0], [107.0737, -6.2837, 0.0], [107.0728, -6.2834, 0.0], [107.0736, -6.2844, 0.0], [107.0735, -6.285, 0.0], [107.0704, -6.2872, 0.0], [107.0705, -6.2894, 0.0], [107.0691, -6.2942, 0.0], [107.0705, -6.2956, 0.0], [107.0705, -6.2964, 0.0], [107.0684, -6.299, 0.0], [107.0681, -6.3004, 0.0], [107.0703, -6.3026, 0.0], [107.0698, -6.3036, 0.0], [107.0692, -6.3028, 0.0], [107.0685, -6.3038, 0.0], [107.0692, -6.305, 0.0], [107.0688, -6.3059, 0.0], [107.0697, -6.3063, 0.0], [107.0543, -6.3064, 0.0], [107.0537, -6.3035, 0.0], [107.053, -6.3031, 0.0], [107.0534, -6.302, 0.0], [107.053, -6.3011, 0.0], [107.0541, -6.2995, 0.0], [107.059, -6.2996, 0.0], [107.0592, -6.298, 0.0], [107.0605, -6.2966, 0.0], [107.0593, -6.2959, 0.0], [107.0596, -6.2947, 0.0], [107.0569, -6.2926, 0.0], [107.0595, -6.2897, 0.0], [107.0577, -6.2889, 0.0], [107.0574, -6.2878, 0.0], [107.0582, -6.2864, 0.0], [107.0603, -6.2852, 0.0], [107.0607, -6.2841, 0.0], [107.0594, -6.2833, 0.0], [107.0599, -6.2807, 0.0], [107.0635, -6.2794, 0.0], [107.064, -6.2783, 0.0], [107.0659, -6.2779, 0.0], [107.0667, -6.2764, 0.0], [107.0668, -6.2744, 0.0], [107.0678, -6.2746, 0.0], [107.0684, -6.2697, 0.0], [107.069, -6.2691, 0.0], [107.0707, -6.269, 0.0], [107.0707, -6.2681, 0.0], [107.0716, -6.2675, 0.0], [107.0721, -6.2679, 0.0], [107.0732, -6.2673, 0.0], [107.0726, -6.2683, 0.0], [107.0734, -6.2694, 0.0], [107.075, -6.2701, 0.0], [107.0768, -6.2699, 0.0], [107.0773, -6.2713, 0.0], [107.0773, -6.2683, 0.0], [107.0785, -6.2684, 0.0], [107.07891154170177, -6.267329991575399, 0.0], [107.0748, -6.2664, 0.0], [107.0752, -6.2636, 0.0], [107.075, -6.263, 0.0], [107.0732, -6.2629, 0.0], [107.0733, -6.2613, 0.0], [107.0747, -6.2599, 0.0], [107.0763, -6.2593, 0.0], [107.0763, -6.2565, 0.0], [107.0788, -6.2547, 0.0], [107.0795, -6.2527, 0.0], [107.0793, -6.2509, 0.0], [107.0804, -6.2492, 0.0], [107.0813, -6.2491, 0.0], [107.081, -6.2484, 0.0], [107.0821, -6.2462, 0.0], [107.0815, -6.245, 0.0], [107.0817, -6.2412, 0.0], [107.0812, -6.2397, 0.0], [107.0818, -6.239, 0.0], [107.0821, -6.237, 0.0], [107.0838, -6.2362, 0.0], [107.0859, -6.2368, 0.0], [107.087, -6.2379, 0.0], [107.0885, -6.2378, 0.0], [107.0882, -6.2362, 0.0], [107.0867, -6.2354, 0.0], [107.0861, -6.2334, 0.0], [107.0852, -6.2329, 0.0], [107.0859, -6.2318, 0.0], [107.0854, -6.2312, 0.0], [107.0868, -6.23, 0.0], [107.0876, -6.2303, 0.0], [107.0891, -6.2295, 0.0], [107.0907, -6.2302, 0.0], [107.0903, -6.2284, 0.0], [107.0908, -6.2258, 0.0], [107.1035, -6.2314, 0.0], [107.0882, -6.2243, 0.0], [107.0829, -6.2084, 0.0], [107.0779, -6.1933, 0.0], [107.0791, -6.1935, 0.0], [107.0798, -6.1926, 0.0], [107.0812, -6.193, 0.0], [107.0815, -6.1883, 0.0], [107.0811, -6.1875, 0.0], [107.0829, -6.1878, 0.0], [107.0844, -6.1872, 0.0], [107.0854, -6.1879, 0.0], [107.0863, -6.1875, 0.0], [107.0864, -6.1858, 0.0], [107.0876, -6.1844, 0.0], [107.0878, -6.182, 0.0], [107.096, -6.183, 0.0], [107.1012, -6.1824, 0.0], [107.1035, -6.1829, 0.0], [107.1036, -6.1841, 0.0], [107.1046, -6.1846, 0.0], [107.106, -6.187, 0.0], [107.1038, -6.1942, 0.0], [107.1034, -6.1959, 0.0], [107.1042, -6.1992, 0.0], [107.1052, -6.1995, 0.0], [107.1051, -6.2005, 0.0], [107.1061, -6.2012, 0.0], [107.1065, -6.2007, 0.0], [107.1111, -6.2008, 0.0], [107.1126, -6.2027, 0.0], [107.1142, -6.2034, 0.0], [107.116, -6.2042, 0.0], [107.1163, -6.2072, 0.0], [107.1259, -6.2148, 0.0], [107.1267, -6.2165, 0.0], [107.1265, -6.2179, 0.0], [107.12577499999998, -6.22080000000006, 0.0], [107.126, -6.2202, 0.0], [107.1323, -6.2215, 0.0], [107.1321, -6.2232, 0.0], [107.1329, -6.2238, 0.0], [107.1328, -6.2244, 0.0], [107.1342, -6.2247, 0.0], [107.1341, -6.2256, 0.0], [107.1351, -6.2246, 0.0], [107.1351, -6.2261, 0.0], [107.1377, -6.2265, 0.0], [107.1373, -6.2285, 0.0], [107.1379, -6.2287, 0.0], [107.1376, -6.2317, 0.0], [107.1421, -6.2328, 0.0], [107.1434, -6.2325, 0.0], [107.1434, -6.2321, 0.0], [107.1477, -6.2319, 0.0], [107.1491, -6.2339, 0.0], [107.1507, -6.2344, 0.0], [107.1502, -6.2371, 0.0], [107.1513, -6.2375, 0.0], [107.1509, -6.2406, 0.0], [107.1526, -6.2409, 0.0], [107.1524, -6.244, 0.0], [107.153, -6.244, 0.0], [107.1532, -6.2447, 0.0], [107.1521, -6.2463, 0.0], [107.1493, -6.2473, 0.0], [107.1489, -6.2485, 0.0], [107.1486, -6.2475, 0.0], [107.1475, -6.2471, 0.0], [107.1467, -6.249, 0.0], [107.1454, -6.2497, 0.0], [107.1206, -6.2388, 0.0], [107.13, -6.243, 0.0], [107.1291, -6.2474, 0.0], [107.1217, -6.2475, 0.0], [107.1217, -6.246, 0.0], [107.1187, -6.2455, 0.0], [107.1184, -6.2459, 0.0], [107.116, -6.2457, 0.0], [107.1158, -6.2468, 0.0], [107.1179, -6.247, 0.0], [107.1182, -6.2475, 0.0], [107.1169, -6.2526, 0.0], [107.1148, -6.2534, 0.0], [107.115, -6.2519, 0.0], [107.1104, -6.2518, 0.0], [107.1105, -6.2501, 0.0], [107.1079, -6.2499, 0.0], [107.1075, -6.2511, 0.0], [107.1062, -6.2519, 0.0], [107.1056, -6.2547, 0.0], [107.1065, -6.2552, 0.0], [107.1056, -6.2584, 0.0], [107.0918, -6.2605, 0.0], [107.0852, -6.2615, 0.0], [107.0851, -6.2628, 0.0], [107.0861, -6.2625, 0.0], [107.0856, -6.2663, 0.0], [107.0832, -6.2683, 0.0], [107.08214999999998, -6.268062499999995, 0.0], [107.0826, -6.2682, 0.0], [107.0829, -6.269, 0.0]], [[107.10507499999999, -6.2043565789473645, 0.0], [107.106, -6.2046, 0.0], [107.1137, -6.2059, 0.0], [107.10507499999999, -6.2043565789473645, 0.0]], [[107.1133, -6.2036, 0.0], [107.1132, -6.2043, 0.0], [107.1137, -6.2059, 0.0], [107.1133, -6.2036, 0.0]], [[107.1233, -6.2227, 0.0], [107.1251, -6.2226, 0.0], [107.12519807692308, -6.2223384615384605, 0.0], [107.1233, -6.2227, 0.0]], [[107.1253, -6.2308, 0.0], [107.1255, -6.2302, 0.0], [107.1254731092437, -6.230194117647058, 0.0], [107.1253, -6.2308, 0.0]], [[107.1032, -6.2022, 0.0], [107.1041, -6.2041, 0.0], [107.10415757575758, -6.204115151515153, 0.0], [107.1032, -6.2022, 0.0]], [[107.100316625, -6.204574625000003, 0.0], [107.1004, -6.2046, 0.0], [107.1022, -6.2017, 0.0], [107.100316625, -6.204574625000003, 0.0]], [[107.09878185185185, -6.201757037037036, 0.0], [107.0981, -6.2039, 0.0], [107.0989, -6.2018, 0.0], [107.09878185185185, -6.201757037037036, 0.0]]]}}, {"type": "Feature", "properties": {"kecamatan": "Cikarang Barat", "jumlah_desa": 11}, "geometry": {"type": "Polygon", "coordinates": [[[107.1025, -6.3317, 0.0], [107.1024, -6.3329, 0.0], [107.1005, -6.3321, 0.0], [107.0999, -6.3333, 0.0], [107.0976, -6.3339, 0.0], [107.0975, -6.3353, 0.0], [107.0959, -6.3341, 0.0], [107.095, -6.3346, 0.0], [107.0954, -6.3356, 0.0], [107.0939, -6.3352, 0.0], [107.0922, -6.3362, 0.0], [107.0918, -6.3373, 0.0], [107.0931, -6.3374, 0.0], [107.0929, -6.3389, 0.0], [107.092, -6.3393, 0.0], [107.0912, -6.3382, 0.0], [107.0908, -6.3387, 0.0], [107.0908, -6.341, 0.0], [107.0898, -6.3402, 0.0], [107.0891, -6.3405, 0.0], [107.0889, -6.3411, 0.0], [107.0899, -6.3417, 0.0], [107.0899, -6.3424, 0.0], [107.0881, -6.3421, 0.0], [107.0875, -6.3413, 0.0], [107.0856, -6.3415, 0.0], [107.0856, -6.342, 0.0], [107.0865, -6.3423, 0.0], [107.0855, -6.3449, 0.0], [107.0849, -6.3422, 0.0], [107.084, -6.3419, 0.0], [107.0819, -6.343, 0.0], [107.0819, -6.3445, 0.0], [107.0801, -6.3453, 0.0], [107.0794, -6.3466, 0.0], [107.0749, -6.3467, 0.0], [107.0748, -6.3457, 0.0], [107.0741, -6.345, 0.0], [107.0706, -6.344, 0.0], [107.0691, -6.3424, 0.0], [107.0664, -6.3411, 0.0], [107.0673, -6.3368, 0.0], [107.0665, -6.3353, 0.0], [107.06763945945946, -6.33462972972973, 0.0], [107.0651, -6.3351, 0.0], [107.0645, -6.3363, 0.0], [107.0629, -6.3361, 0.0], [107.0635, -6.3382, 0.0], [107.0622, -6.3388, 0.0], [107.0602, -6.3432, 0.0], [107.0592, -6.3429, 0.0], [107.0589, -6.3436, 0.0], [107.0565, -6.3425, 0.0], [107.0562, -6.3418, 0.0], [107.0538, -6.3415, 0.0], [107.0536, -6.3411, 0.0], [107.0529, -6.3417, 0.0], [107.0532, -6.3429, 0.0], [107.0494, -6.3425, 0.0], [107.0488, -6.3421, 0.0], [107.049, -6.3415, 0.0], [107.0473, -6.3406, 0.0], [107.0472, -6.3398, 0.0], [107.0437, -6.3394, 0.0], [107.0432, -6.3396, 0.0], [107.0434, -6.3403, 0.0], [107.0419, -6.3399, 0.0], [107.0419, -6.3392, 0.0], [107.0438, -6.3381, 0.0], [107.0441, -6.3369, 0.0], [107.0423, -6.3372, 0.0], [107.0416, -6.3387, 0.0], [107.0415, -6.3369, 0.0], [107.0451, -6.336, 0.0], [107.0513, -6.3281, 0.0], [107.0536, -6.3264, 0.0], [107.058, -6.3206, 0.0], [107.0602, -6.3186, 0.0], [107.06158414496036, -6.315930577576443, 0.0], [107.0566, -6.3139, 0.0], [107.0574, -6.3127, 0.0], [107.0564, -6.3125, 0.0], [107.0563, -6.3115, 0.0], [107.0573, -6.3073, 0.0], [107.0565, -6.3071, 0.0], [107.0566, -6.3065, 0.0], [107.0694, -6.3063, 0.0], [107.06962857142857, -6.306528571428565, 0.0], [107.0696, -6.3063, 0.0], [107.0688, -6.3058, 0.0], [107.0692, -6.305, 0.0], [107.0685, -6.3038, 0.0], [107.0692, -6.3028, 0.0], [107.0699, -6.3035, 0.0], [107.07023703703705, -6.302537037037036, 0.0], [107.0681, -6.3004, 0.0], [107.0684, -6.299, 0.0], [107.0705, -6.2964, 0.0], [107.0705, -6.2956, 0.0], [107.0691, -6.2942, 0.0], [107.0705, -6.2894, 0.0], [107.0704, -6.2872, 0.0], [107.0735, -6.285, 0.0], [107.0736, -6.2844, 0.0], [107.0728, -6.2834, 0.0], [107.0737, -6.2837, 0.0], [107.0745, -6.2828, 0.0], [107.0794, -6.2844, 0.0], [107.081, -6.2797, 0.0], [107.0813, -6.2756, 0.0], [107.0816, -6.2749, 0.0], [107.0829, -6.2748, 0.0], [107.0833, -6.2736, 0.0], [107.0809, -6.2724, 0.0], [107.0808, -6.2712, 0.0], [107.0812, -6.2698, 0.0], [107.0829, -6.269, 0.0], [107.0826, -6.2682, 0.0], [107.0832, -6.2683, 0.0], [107.0856, -6.2663, 0.0], [107.0861, -6.2625, 0.0], [107.0851, -6.2628, 0.0], [107.0852, -6.2615, 0.0], [107.1056, -6.2584, 0.0], [107.1065, -6.2552, 0.0], [107.1056, -6.2547, 0.0], [107.1062, -6.2517, 0.0], [107.1075, -6.2511, 0.0], [107.1079, -6.2499, 0.0], [107.1105, -6.2501, 0.0], [107.1104, -6.2518, 0.0], [107.115, -6.2519, 0.0], [107.1148, -6.2534, 0.0], [107.1169, -6.2526, 0.0], [107.1182, -6.2475, 0.0], [107.1179, -6.247, 0.0], [107.1158, -6.2468, 0.0], [107.116, -6.2457, 0.0], [107.1184, -6.2459, 0.0], [107.1187, -6.2455, 0.0], [107.1217, -6.246, 0.0], [107.1217, -6.2475, 0.0], [107.1290132860208, -6.247401171810529, 0.0], [107.1292, -6.2457, 0.0], [107.13, -6.243, 0.0], [107.1454, -6.2497, 0.0], [107.1439, -6.251, 0.0], [107.1435, -6.252, 0.0], [107.1424, -6.2511, 0.0], [107.1418, -6.2513, 0.0], [107.142, -6.2531, 0.0], [107.1426, -6.2537, 0.0], [107.1416, -6.2544, 0.0], [107.1409, -6.2567, 0.0], [107.1424, -6.2565, 0.0], [107.1426, -6.2574, 0.0], [107.1418, -6.2582, 0.0], [107.1419, -6.2597, 0.0], [107.1403, -6.2599, 0.0], [107.1387, -6.2643, 0.0], [107.137, -6.2656, 0.0], [107.1369, -6.268, 0.0], [107.1329, -6.2678, 0.0], [107.1331, -6.2692, 0.0], [107.1311, -6.2698, 0.0], [107.13, -6.2696, 0.0], [107.1298, -6.2712, 0.0], [107.1287, -6.2715, 0.0], [107.1281, -6.2733, 0.0], [107.1277, -6.2734, 0.0], [107.1271, -6.2724, 0.0], [107.126, -6.2735, 0.0], [107.1248, -6.2732, 0.0], [107.123, -6.276, 0.0], [107.1207, -6.2755, 0.0], [107.11938622222222, -6.274514666666665, 0.0], [107.1163, -6.2778, 0.0], [107.1169, -6.278, 0.0], [107.1183, -6.277, 0.0], [107.1191, -6.2775, 0.0], [107.119, -6.2785, 0.0], [107.1178, -6.2796, 0.0], [107.1184, -6.2802, 0.0], [107.1185, -6.2835, 0.0], [107.1195, -6.2846, 0.0], [107.1195, -6.2875, 0.0], [107.1192, -6.2904, 0.0], [107.1162, -6.2934, 0.0], [107.117, -6.2954, 0.0], [107.117, -6.2973, 0.0], [107.1143, -6.2983, 0.0], [107.1151, -6.3006, 0.0], [107.1127, -6.3016, 0.0], [107.1111, -6.3036, 0.0], [107.114, -6.3054, 0.0], [107.1137, -6.3037, 0.0], [107.1148, -6.3033, 0.0], [107.1157, -6.305, 0.0], [107.117, -6.3059, 0.0], [107.1161, -6.3069, 0.0], [107.1174, -6.3076, 0.0], [107.118, -6.3095, 0.0], [107.1158, -6.3107, 0.0], [107.1149, -6.3119, 0.0], [107.1175, -6.314, 0.0], [107.1176, -6.3149, 0.0], [107.1158, -6.314, 0.0], [107.11463109243698, -6.3141798319327735, 0.0], [107.1147, -6.3142, 0.0], [107.116, -6.3173, 0.0], [107.1097, -6.3185, 0.0], [107.1102, -6.3193, 0.0], [107.1127, -6.3188, 0.0], [107.1118, -6.3204, 0.0], [107.1089, -6.3192, 0.0], [107.1079, -6.3195, 0.0], [107.1077, -6.32, 0.0], [107.109, -6.3205, 0.0], [107.11, -6.3231, 0.0], [107.1098, -6.3244, 0.0], [107.1093, -6.3246, 0.0], [107.1077, -6.3229, 0.0], [107.1058, -6.323, 0.0], [107.1053, -6.3238, 0.0], [107.1073, -6.326, 0.0], [107.1063, -6.3262, 0.0], [107.1053, -6.3251, 0.0], [107.1044, -6.3272, 0.0], [107.103, -6.3272, 0.0], [107.1031, -6.3289, 0.0], [107.1022, -6.3294, 0.0], [107.1033, -6.3311, 0.0], [107.1025, -6.3317, 0.0]], [[107.0912, -6.2711, 0.0], [107.09159120879127, -6.27123186813189, 0.0], [107.0832, -6.2683, 0.0], [107.0912, -6.2711, 0.0]], [[107.1027, -6.2935, 0.0], [107.10049943661976, -6.29243521126762, 0.0], [107.1151, -6.3006, 0.0], [107.1027, -6.2935, 0.0]], [[107.0726, -6.2997, 0.0], [107.07242857142857, -6.299442857142868, 0.0], [107.0724, -6.2999, 0.0], [107.0719, -6.301, 0.0], [107.0726, -6.2997, 0.0]], [[107.0968, -6.2957, 0.0], [107.09633278688524, -6.296821311475433, 0.0], [107.09987501312337, -6.292133070866143, 0.0], [107.09987254901961, -6.292131878557875, 0.0], [107.0968, -6.2957, 0.0]], [[107.0943, -6.2991, 0.0], [107.0931, -6.301, 0.0], [107.09312832519392, -6.301062510772766, 0.0], [107.09492686567165, -6.298682089552231, 0.0], [107.0943, -6.2991, 0.0]], [[107.09520677048071, -6.305649424509139, 0.0], [107.097, -6.3048, 0.0], [107.0952, -6.3056, 0.0], [107.0946615384617, -6.304446153846477, 0.0], [107.09520677048071, -6.305649424509139, 0.0]], [[107.0774, -6.3253, 0.0], [107.0757, -6.3247, 0.0], [107.07729764705883, -6.3255558823529405, 0.0], [107.0774, -6.3253, 0.0]], [[107.06787096774194, -6.334493548387096, 0.0], [107.0682, -6.3343, 0.0], [107.06811818181819, -6.334122727272728, 0.0], [107.06787096774194, -6.334493548387096, 0.0]], [[107.096, -6.3074, 0.0], [107.0941, -6.3085, 0.0], [107.0959, -6.3075, 0.0], [107.0949, -6.3098, 0.0], [107.0961, -6.3073, 0.0], [107.09557159090909, -6.3064545454545415, 0.0], [107.096, -6.3074, 0.0]], [[107.1064, -6.2731, 0.0], [107.10819086294414, -6.272460406091376, 0.0], [107.09998991025952, -6.274062891098715, 0.0], [107.1001, -6.2741, 0.0], [107.1064, -6.2731, 0.0]], [[107.1084781395349, -6.27227976744186, 0.0], [107.10849146341464, -6.272353048780483, 0.0], [107.10927272727268, -6.272074025974042, 0.0], [107.1084781395349, -6.27227976744186, 0.0]], [[107.1196, -6.2694, 0.0], [107.11836828644505, -6.269718925831193, 0.0], [107.1203, -6.2693, 0.0], [107.1196, -6.2694, 0.0]], [[107.1187, -6.274, 0.0], [107.119, -6.2713, 0.0], [107.1187, -6.2731, 0.0], [107.1187, -6.274, 0.0]], [[107.09294814814815, -6.274071604938271, 0.0], [107.09372660550459, -6.274097553516819, 0.0], [107.0937, -6.274, 0.0], [107.09294814814815, -6.274071604938271, 0.0]], [[107.09092307692308, -6.273692307692305, 0.0], [107.0908, -6.274, 0.0], [107.09135813953489, -6.274018604651163, 0.0], [107.09092307692308, -6.273692307692305, 0.0]]]}}, {"type": "Feature", "properties": {"kecamatan": "Cikarang Pusat", "jumlah_desa": 6}, "geometry": {"type": "Polygon", "coordinates": [[[107.1682, -6.3559, 0.0], [107.1677, -6.3548, 0.0], [107.1688, -6.3545, 0.0], [107.1689, -6.3539, 0.0], [107.1682, -6.3538, 0.0], [107.1691, -6.3516, 0.0], [107.1705, -6.3518, 0.0], [107.1709, -6.3501, 0.0], [107.1716, -6.3503, 0.0], [107.1719, -6.3495, 0.0], [107.1729, -6.3497, 0.0], [107.1726, -6.348, 0.0], [107.1716, -6.3479, 0.0], [107.1749, -6.3421, 0.0], [107.174, -6.3413, 0.0], [107.1728, -6.3373, 0.0], [107.1732, -6.3359, 0.0], [107.1714, -6.3332, 0.0], [107.1719, -6.3313, 0.0], [107.1737, -6.3319, 0.0], [107.174, -6.3299, 0.0], [107.1725, -6.3284, 0.0], [107.173, -6.3269, 0.0], [107.1723, -6.326, 0.0], [107.1704, -6.3257, 0.0], [107.1697, -6.325, 0.0], [107.1698, -6.3235, 0.0], [107.1653, -6.3202, 0.0], [107.1654, -6.3212, 0.0], [107.1644, -6.322, 0.0], [107.1566, -6.3167, 0.0], [107.1605, -6.311, 0.0], [107.164, -6.3105, 0.0], [107.1652, -6.3092, 0.0], [107.1654, -6.304, 0.0], [107.1695, -6.3068, 0.0], [107.1688, -6.3087, 0.0], [107.1678, -6.3088, 0.0], [107.1674, -6.3094, 0.0], [107.1679, -6.3101, 0.0], [107.1666, -6.3121, 0.0], [107.1675, -6.313, 0.0], [107.1694, -6.3121, 0.0], [107.1716, -6.3136, 0.0], [107.1743, -6.3141, 0.0], [107.1739, -6.3154, 0.0], [107.1744, -6.3183, 0.0], [107.1802, -6.3208, 0.0], [107.1806, -6.3201, 0.0], [107.1805, -6.3209, 0.0], [107.1817, -6.3214, 0.0], [107.1814, -6.3225, 0.0], [107.1839, -6.3232, 0.0], [107.1797, -6.3366, 0.0], [107.1854, -6.3197, 0.0], [107.1889, -6.3208, 0.0], [107.1889, -6.3227, 0.0], [107.1915, -6.324, 0.0], [107.1913, -6.3261, 0.0], [107.198, -6.3282, 0.0], [107.1982, -6.3299, 0.0], [107.199, -6.3301, 0.0], [107.1988, -6.3306, 0.0], [107.2024, -6.3313, 0.0], [107.2065, -6.3317, 0.0], [107.2071, -6.328, 0.0], [107.2084, -6.3247, 0.0], [107.2092, -6.3244, 0.0], [107.2103, -6.325, 0.0], [107.2106, -6.3243, 0.0], [107.2112, -6.3244, 0.0], [107.212, -6.3236, 0.0], [107.2126, -6.3238, 0.0], [107.2141, -6.3207, 0.0], [107.2135, -6.3252, 0.0], [107.2157, -6.3259, 0.0], [107.2171, -6.321, 0.0], [107.2185, -6.3215, 0.0], [107.218, -6.3227, 0.0], [107.2191, -6.326, 0.0], [107.2184, -6.3269, 0.0], [107.216, -6.3277, 0.0], [107.2148, -6.3304, 0.0], [107.2158, -6.3311, 0.0], [107.2187, -6.3311, 0.0], [107.2206, -6.3345, 0.0], [107.2236, -6.3354, 0.0], [107.2234, -6.3388, 0.0], [107.2256, -6.3418, 0.0], [107.2267, -6.3485, 0.0], [107.2264, -6.3497, 0.0], [107.223, -6.3519, 0.0], [107.215, -6.3493, 0.0], [107.214625, -6.349375, 0.0], [107.2153, -6.3496, 0.0], [107.2149, -6.3523, 0.0], [107.2133, -6.3544, 0.0], [107.2131, -6.3557, 0.0], [107.2132, -6.3584, 0.0], [107.2149, -6.36, 0.0], [107.2153, -6.3618, 0.0], [107.2132, -6.3638, 0.0], [107.2107, -6.3613, 0.0], [107.2075, -6.3615, 0.0], [107.2077, -6.3626, 0.0], [107.2101, -6.3638, 0.0], [107.2104, -6.3659, 0.0], [107.2055, -6.3692, 0.0], [107.2049, -6.3708, 0.0], [107.2056, -6.3732, 0.0], [107.2048, -6.3757, 0.0], [107.2053, -6.3765, 0.0], [107.2068, -6.3771, 0.0], [107.2076, -6.3787, 0.0], [107.2105, -6.3796, 0.0], [107.2116, -6.3791, 0.0], [107.2115, -6.3757, 0.0], [107.212, -6.3745, 0.0], [107.2128, -6.3745, 0.0], [107.2127, -6.3772, 0.0], [107.2144, -6.3796, 0.0], [107.2193, -6.3808, 0.0], [107.2187, -6.3834, 0.0], [107.2208, -6.3838, 0.0], [107.2214, -6.3848, 0.0], [107.2216, -6.3877, 0.0], [107.2209, -6.3921, 0.0], [107.2185, -6.3922, 0.0], [107.2186, -6.3931, 0.0], [107.218, -6.3928, 0.0], [107.2177, -6.3938, 0.0], [107.2172, -6.3933, 0.0], [107.2159, -6.3937, 0.0], [107.213, -6.3961, 0.0], [107.2104, -6.3956, 0.0], [107.2091, -6.3971, 0.0], [107.2067, -6.3954, 0.0], [107.2068, -6.3949, 0.0], [107.2055, -6.3943, 0.0], [107.205, -6.3954, 0.0], [107.2029, -6.3958, 0.0], [107.202, -6.3977, 0.0], [107.201, -6.3983, 0.0], [107.1991, -6.3962, 0.0], [107.1979, -6.3971, 0.0], [107.1963, -6.3952, 0.0], [107.1942, -6.3968, 0.0], [107.1913, -6.3936, 0.0], [107.1862, -6.3975, 0.0], [107.1816, -6.3925, 0.0], [107.1835, -6.3919, 0.0], [107.18401428571428, -6.390271428571428, 0.0], [107.1829, -6.3899, 0.0], [107.182, -6.3887, 0.0], [107.1773, -6.3924, 0.0], [107.176, -6.3908, 0.0], [107.1753, -6.3914, 0.0], [107.1741, -6.3899, 0.0], [107.1714, -6.3919, 0.0], [107.167, -6.3849, 0.0], [107.1663, -6.3853, 0.0], [107.1655, -6.3849, 0.0], [107.1638, -6.3828, 0.0], [107.1638, -6.3797, 0.0], [107.1647, -6.3783, 0.0], [107.1636, -6.3786, 0.0], [107.1624, -6.3801, 0.0], [107.161, -6.3799, 0.0], [107.1589, -6.3812, 0.0], [107.158, -6.3835, 0.0], [107.1549, -6.3879, 0.0], [107.149, -6.385, 0.0], [107.1494, -6.3845, 0.0], [107.1485, -6.3838, 0.0], [107.1483, -6.383, 0.0], [107.1443, -6.3807, 0.0], [107.1444, -6.3798, 0.0], [107.1425, -6.3785, 0.0], [107.1384, -6.3774, 0.0], [107.1376, -6.3761, 0.0], [107.1351, -6.3749, 0.0], [107.1321, -6.3747, 0.0], [107.1296, -6.3735, 0.0], [107.1294, -6.3741, 0.0], [107.1282, -6.3743, 0.0], [107.1298, -6.3721, 0.0], [107.1294, -6.3698, 0.0], [107.1298, -6.369, 0.0], [107.1326, -6.3679, 0.0], [107.1342, -6.3664, 0.0], [107.1342, -6.3613, 0.0], [107.1355, -6.3594, 0.0], [107.1367, -6.359, 0.0], [107.1387, -6.3551, 0.0], [107.1394, -6.3556, 0.0], [107.1395, -6.3541, 0.0], [107.1408, -6.3536, 0.0], [107.1414, -6.3508, 0.0], [107.1436, -6.349, 0.0], [107.1445, -6.3499, 0.0], [107.1435, -6.3515, 0.0], [107.1447, -6.3523, 0.0], [107.1439, -6.3535, 0.0], [107.1491, -6.357, 0.0], [107.1514, -6.3536, 0.0], [107.1533, -6.3548, 0.0], [107.1537, -6.3542, 0.0], [107.1609, -6.3549, 0.0], [107.1609, -6.356, 0.0], [107.1656, -6.3563, 0.0], [107.1666, -6.3558, 0.0], [107.1676, -6.3565, 0.0], [107.1682, -6.3559, 0.0]], [[107.1684085106383, -6.357146808510638, 0.0], [107.1676, -6.3565, 0.0], [107.16805253164557, -6.358038607594939, 0.0], [107.1681, -6.3572, 0.0], [107.1684085106383, -6.357146808510638, 0.0]], [[107.171, -6.3567, 0.0], [107.17, -6.3565, 0.0], [107.16906666666667, -6.357033333333333, 0.0], [107.171, -6.3567, 0.0]], [[107.1882, -6.3593, 0.0], [107.187, -6.359, 0.0], [107.1809, -6.3583, 0.0], [107.1882, -6.3593, 0.0]], [[107.1941, -6.3873, 0.0], [107.19554680851064, -6.386757446808511, 0.0], [107.1948, -6.3867, 0.0], [107.1941, -6.3873, 0.0]], [[107.19586363636364, -6.386781818181818, 0.0], [107.1961, -6.3869000000000025, 0.0], [107.1961, -6.3868, 0.0], [107.19586363636364, -6.386781818181818, 0.0]], [[107.2073, -6.3842, 0.0], [107.2075634730539, -6.384035329341318, 0.0], [107.2053, -6.3837, 0.0], [107.2073, -6.3842, 0.0]], [[107.2081, -6.3837, 0.0], [107.2074724137931, -6.383168965517236, 0.0], [107.20785876923077, -6.383850769230771, 0.0], [107.2081, -6.3837, 0.0]], [[107.1919, -6.3771, 0.0], [107.19197857142856, -6.375842857142862, 0.0], [107.1917, -6.3764, 0.0], [107.1919, -6.3771, 0.0]], [[107.1891, -6.3644, 0.0], [107.1889, -6.363, 0.0], [107.18903623188406, -6.364702898550717, 0.0], [107.1891, -6.3644, 0.0]], [[107.1786, -6.3464, 0.0], [107.1786, -6.349, 0.0], [107.1799, -6.3394, 0.0], [107.1786, -6.3464, 0.0]], [[107.1791, -6.3505, 0.0], [107.17917236842105, -6.35052631578947, 0.0], [107.1786, -6.349, 0.0], [107.1791, -6.3505, 0.0]], [[107.19624832214765, -6.350530201342282, 0.0], [107.198, -6.348, 0.0], [107.19790303867403, -6.347850828729281, 0.0], [107.1962, -6.3505, 0.0], [107.19624832214765, -6.350530201342282, 0.0]]]}}, {"type": "Feature", "properties": {"kecamatan": "Cikarang Selatan", "jumlah_desa": 7}, "geometry": {"type": "Polygon", "coordinates": [[[107.1344, -6.366, 0.0], [107.1339, -6.3669, 0.0], [107.1324, -6.368, 0.0], [107.1296, -6.3684, 0.0], [107.1287, -6.3693, 0.0], [107.1279, -6.3681, 0.0], [107.1252, -6.3681, 0.0], [107.1249, -6.3675, 0.0], [107.1231, -6.3683, 0.0], [107.1226, -6.3696, 0.0], [107.1215, -6.3704, 0.0], [107.1185, -6.3717, 0.0], [107.1142, -6.3699, 0.0], [107.114, -6.3706, 0.0], [107.1102, -6.369, 0.0], [107.1047, -6.368, 0.0], [107.1033, -6.3689, 0.0], [107.1008, -6.3731, 0.0], [107.0996, -6.3727, 0.0], [107.0969, -6.3741, 0.0], [107.0943, -6.3737, 0.0], [107.0945, -6.3715, 0.0], [107.10126890243902, -6.355971341463427, 0.0], [107.101, -6.3563, 0.0], [107.0984, -6.362, 0.0], [107.0964, -6.3616, 0.0], [107.0958, -6.3623, 0.0], [107.0933, -6.3616, 0.0], [107.091, -6.3621, 0.0], [107.0905, -6.3632, 0.0], [107.0897, -6.3635, 0.0], [107.0894, -6.3648, 0.0], [107.0877, -6.3642, 0.0], [107.0875, -6.365, 0.0], [107.0832, -6.3645, 0.0], [107.0776, -6.3624, 0.0], [107.0766, -6.363, 0.0], [107.0759, -6.365, 0.0], [107.075, -6.3637, 0.0], [107.0738, -6.3632, 0.0], [107.0735, -6.3651, 0.0], [107.0718, -6.3667, 0.0], [107.0713, -6.3671, 0.0], [107.0702, -6.3665, 0.0], [107.07, -6.3655, 0.0], [107.0707, -6.3646, 0.0], [107.0726, -6.3646, 0.0], [107.0729, -6.3636, 0.0], [107.0723, -6.3627, 0.0], [107.0695, -6.3634, 0.0], [107.0691, -6.362, 0.0], [107.0704, -6.3604, 0.0], [107.0696, -6.3602, 0.0], [107.0684, -6.3608, 0.0], [107.0685, -6.3586, 0.0], [107.069, -6.3579, 0.0], [107.0711, -6.3585, 0.0], [107.0732, -6.3579, 0.0], [107.0728, -6.355, 0.0], [107.0754, -6.354, 0.0], [107.0737, -6.3535, 0.0], [107.0731, -6.3517, 0.0], [107.0734, -6.351, 0.0], [107.0753, -6.3506, 0.0], [107.0762, -6.3486, 0.0], [107.0762, -6.3473, 0.0], [107.0781, -6.3464, 0.0], [107.0794, -6.3466, 0.0], [107.0801, -6.3453, 0.0], [107.0819, -6.3445, 0.0], [107.0819, -6.343, 0.0], [107.084, -6.3419, 0.0], [107.0849, -6.3422, 0.0], [107.085, -6.3443, 0.0], [107.0858, -6.3448, 0.0], [107.0865, -6.3423, 0.0], [107.0856, -6.342, 0.0], [107.0856, -6.3415, 0.0], [107.0875, -6.3413, 0.0], [107.0881, -6.3421, 0.0], [107.0899, -6.3424, 0.0], [107.0899, -6.3417, 0.0], [107.0889, -6.3411, 0.0], [107.0891, -6.3405, 0.0], [107.0898, -6.3402, 0.0], [107.0908, -6.341, 0.0], [107.0908, -6.3387, 0.0], [107.0912, -6.3382, 0.0], [107.092, -6.3393, 0.0], [107.0929, -6.3389, 0.0], [107.0931, -6.3374, 0.0], [107.0918, -6.3373, 0.0], [107.0922, -6.3362, 0.0], [107.0939, -6.3352, 0.0], [107.0954, -6.3356, 0.0], [107.095, -6.3346, 0.0], [107.0959, -6.3341, 0.0], [107.0975, -6.3353, 0.0], [107.0976, -6.3339, 0.0], [107.0999, -6.3333, 0.0], [107.1005, -6.3321, 0.0], [107.1021, -6.333, 0.0], [107.1025, -6.3317, 0.0], [107.1033, -6.3313, 0.0], [107.1022, -6.3294, 0.0], [107.1031, -6.3289, 0.0], [107.103, -6.3272, 0.0], [107.1044, -6.3272, 0.0], [107.1054, -6.3251, 0.0], [107.1063, -6.3262, 0.0], [107.1073, -6.326, 0.0], [107.1053, -6.3238, 0.0], [107.1055, -6.3233, 0.0], [107.1076, -6.3228, 0.0], [107.1093, -6.3246, 0.0], [107.1099, -6.3242, 0.0], [107.11, -6.3231, 0.0], [107.109, -6.3206, 0.0], [107.1077, -6.32, 0.0], [107.1078, -6.3196, 0.0], [107.1089, -6.3192, 0.0], [107.1118, -6.3204, 0.0], [107.1127, -6.3188, 0.0], [107.1102, -6.3193, 0.0], [107.1097, -6.3185, 0.0], [107.1159, -6.3174, 0.0], [107.1146, -6.3145, 0.0], [107.1149, -6.314, 0.0], [107.1177, -6.3148, 0.0], [107.1175, -6.314, 0.0], [107.1149, -6.3119, 0.0], [107.1158, -6.3107, 0.0], [107.118, -6.3095, 0.0], [107.1174, -6.3076, 0.0], [107.1161, -6.3067, 0.0], [107.1213, -6.3071, 0.0], [107.125, -6.3063, 0.0], [107.1344, -6.3117, 0.0], [107.1333, -6.3169, 0.0], [107.1344, -6.3121, 0.0], [107.1345, -6.3077, 0.0], [107.1383, -6.3076, 0.0], [107.1386, -6.307, 0.0], [107.1413, -6.3072, 0.0], [107.1415, -6.3049, 0.0], [107.1425, -6.3043, 0.0], [107.1422, -6.3002, 0.0], [107.1405, -6.2979, 0.0], [107.1419, -6.297, 0.0], [107.1406, -6.2958, 0.0], [107.1422, -6.2941, 0.0], [107.1436, -6.2953, 0.0], [107.1473, -6.296, 0.0], [107.1468, -6.2971, 0.0], [107.1487, -6.2978, 0.0], [107.1492, -6.3002, 0.0], [107.1607, -6.2999, 0.0], [107.1609, -6.304, 0.0], [107.1632, -6.304, 0.0], [107.1639, -6.3046, 0.0], [107.1641, -6.3039, 0.0], [107.1654, -6.304, 0.0], [107.1652, -6.3092, 0.0], [107.164, -6.3105, 0.0], [107.1607, -6.3108, 0.0], [107.1558, -6.3175, 0.0], [107.15539999999999, -6.3186200000000206, 0.0], [107.1566, -6.3167, 0.0], [107.1644, -6.322, 0.0], [107.1654, -6.3212, 0.0], [107.1653, -6.3202, 0.0], [107.1698, -6.3235, 0.0], [107.1697, -6.325, 0.0], [107.1704, -6.3257, 0.0], [107.1723, -6.326, 0.0], [107.173, -6.3269, 0.0], [107.1725, -6.3284, 0.0], [107.174, -6.3299, 0.0], [107.1737, -6.3319, 0.0], [107.1719, -6.3313, 0.0], [107.1714, -6.3332, 0.0], [107.1732, -6.3359, 0.0], [107.1728, -6.3373, 0.0], [107.174, -6.3413, 0.0], [107.1749, -6.3421, 0.0], [107.1716, -6.3479, 0.0], [107.1726, -6.348, 0.0], [107.1729, -6.3497, 0.0], [107.1719, -6.3495, 0.0], [107.1716, -6.3503, 0.0], [107.1709, -6.3501, 0.0], [107.1705, -6.3518, 0.0], [107.1691, -6.3516, 0.0], [107.1682, -6.3538, 0.0], [107.1689, -6.3539, 0.0], [107.1688, -6.3545, 0.0], [107.1677, -6.3548, 0.0], [107.1682, -6.3559, 0.0], [107.1676, -6.3565, 0.0], [107.1666, -6.3558, 0.0], [107.1656, -6.3563, 0.0], [107.1609, -6.356, 0.0], [107.1609, -6.3549, 0.0], [107.1537, -6.3542, 0.0], [107.1533, -6.3548, 0.0], [107.1514, -6.3536, 0.0], [107.1491, -6.357, 0.0], [107.1439, -6.3535, 0.0], [107.1447, -6.3523, 0.0], [107.1435, -6.3515, 0.0], [107.1445, -6.3499, 0.0], [107.14362448979593, -6.349024489795917, 0.0], [107.1412, -6.351, 0.0], [107.1408, -6.3536, 0.0], [107.1395, -6.3541, 0.0], [107.1394, -6.3556, 0.0], [107.1387, -6.3551, 0.0], [107.1367, -6.359, 0.0], [107.1355, -6.3594, 0.0], [107.1342, -6.3613, 0.0], [107.1344, -6.3624, 0.0], [107.1335, -6.3643, 0.0], [107.1342, -6.3631, 0.0], [107.1344, -6.366, 0.0]], [[107.10238266666667, -6.334696000000002, 0.0], [107.1025, -6.3346, 0.0], [107.1021, -6.333, 0.0], [107.10238266666667, -6.334696000000002, 0.0]], [[107.10309456193353, -6.354005740181271, 0.0], [107.1028, -6.3541, 0.0], [107.10150000000003, -6.355688888888853, 0.0], [107.10309456193353, -6.354005740181271, 0.0]], [[107.1206, -6.346, 0.0], [107.1201, -6.3393, 0.0], [107.1201, -6.3399, 0.0], [107.1206, -6.346, 0.0]], [[107.1415, -6.3458, 0.0], [107.1421, -6.345, 0.0], [107.14135925925926, -6.345740740740742, 0.0], [107.1415, -6.3458, 0.0]], [[107.1012224489796, -6.335573469387754, 0.0], [107.1014, -6.3355, 0.0], [107.10217192982456, -6.334868421052631, 0.0], [107.1014, -6.3351, 0.0], [107.1012224489796, -6.335573469387754, 0.0]], [[107.0995, -6.3361, 0.0], [107.09918235294118, -6.33641764705882, 0.0], [107.10014477611941, -6.336019402985076, 0.0], [107.0995, -6.3361, 0.0]], [[107.0982, -6.3374, 0.0], [107.09826153846154, -6.337574358974359, 0.0], [107.09835, -6.337250000000003, 0.0], [107.0982, -6.3374, 0.0]], [[107.0988, -6.3391, 0.0], [107.1006, -6.3399, 0.0], [107.098736121673, -6.338919011406847, 0.0], [107.0988, -6.3391, 0.0]], [[107.10510000000001, -6.337850000000007, 0.0], [107.10472173913043, -6.337660869565213, 0.0], [107.1047, -6.3377, 0.0], [107.10510000000001, -6.337850000000007, 0.0]], [[107.1074, -6.3379, 0.0], [107.10617027027027, -6.33825135135135, 0.0], [107.1063, -6.3383, 0.0], [107.1074, -6.3379, 0.0]], [[107.11838709677419, -6.339614516129031, 0.0], [107.1171, -6.3375, 0.0], [107.1183, -6.3396, 0.0], [107.11838709677419, -6.339614516129031, 0.0]], [[107.1394, -6.3215, 0.0], [107.1393, -6.3261, 0.0], [107.13931238938054, -6.326143362831856, 0.0], [107.1394, -6.3215, 0.0]], [[107.1495, -6.3276, 0.0], [107.14968957055214, -6.329306134969322, 0.0], [107.1498, -6.3294, 0.0], [107.1495, -6.3276, 0.0]], [[107.15520181818182, -6.318937090909087, 0.0], [107.1508, -6.3206, 0.0], [107.1551, -6.3191, 0.0], [107.15520181818182, -6.318937090909087, 0.0]]]}}, {"type": "Feature", "properties": {"kecamatan": "Cikarang Timur", "jumlah_desa": 8}, "geometry": {"type": "Polygon", "coordinates": [[[107.2065, -6.3317, 0.0], [107.2005, -6.3312, 0.0], [107.1982, -6.3299, 0.0], [107.198, -6.3282, 0.0], [107.1913, -6.3261, 0.0], [107.1915, -6.324, 0.0], [107.1889, -6.3227, 0.0], [107.1889, -6.3208, 0.0], [107.1854, -6.3197, 0.0], [107.1864, -6.3173, 0.0], [107.1839, -6.3232, 0.0], [107.1814, -6.3225, 0.0], [107.1817, -6.3214, 0.0], [107.1805, -6.3209, 0.0], [107.1806, -6.3201, 0.0], [107.1802, -6.3208, 0.0], [107.1744, -6.3183, 0.0], [107.1739, -6.3154, 0.0], [107.1743, -6.3141, 0.0], [107.1716, -6.3136, 0.0], [107.1694, -6.3121, 0.0], [107.1675, -6.313, 0.0], [107.1666, -6.3121, 0.0], [107.1679, -6.3101, 0.0], [107.1674, -6.3094, 0.0], [107.1678, -6.3088, 0.0], [107.1688, -6.3087, 0.0], [107.1705, -6.3046, 0.0], [107.1682, -6.3027, 0.0], [107.1676, -6.3, 0.0], [107.1695, -6.2965, 0.0], [107.1707, -6.2961, 0.0], [107.1712, -6.2951, 0.0], [107.1721, -6.292, 0.0], [107.1725, -6.2871, 0.0], [107.1735, -6.2868, 0.0], [107.176, -6.289, 0.0], [107.17596923076923, -6.2892, 0.0], [107.1782, -6.2892, 0.0], [107.1783, -6.287, 0.0], [107.1793, -6.2868, 0.0], [107.1789, -6.2849, 0.0], [107.1795, -6.2841, 0.0], [107.1808, -6.284, 0.0], [107.1817, -6.2846, 0.0], [107.1849, -6.2773, 0.0], [107.1855, -6.2726, 0.0], [107.1889, -6.2752, 0.0], [107.188975, -6.2752, 0.0], [107.1856, -6.2725, 0.0], [107.1859, -6.2718, 0.0], [107.1854, -6.2698, 0.0], [107.1859, -6.2688, 0.0], [107.1939, -6.2654, 0.0], [107.1964, -6.2654, 0.0], [107.1981, -6.248, 0.0], [107.2018, -6.2317, 0.0], [107.2107, -6.235, 0.0], [107.2098, -6.2368, 0.0], [107.2111, -6.2375, 0.0], [107.2115, -6.2369, 0.0], [107.2133, -6.2379, 0.0], [107.2129, -6.237, 0.0], [107.2161, -6.2383, 0.0], [107.2155, -6.2397, 0.0], [107.2161, -6.2399, 0.0], [107.2153, -6.2419, 0.0], [107.2172, -6.2423, 0.0], [107.2166, -6.2431, 0.0], [107.2197, -6.2445, 0.0], [107.2201, -6.2436, 0.0], [107.2215, -6.2441, 0.0], [107.2148, -6.259, 0.0], [107.215, -6.2614, 0.0], [107.2117, -6.2652, 0.0], [107.2143, -6.2654, 0.0], [107.2142, -6.2659, 0.0], [107.21348826666667, -6.2660395555555555, 0.0], [107.2215, -6.2665, 0.0], [107.2247, -6.2657, 0.0], [107.2262, -6.2659, 0.0], [107.2285, -6.2676, 0.0], [107.2345, -6.2695, 0.0], [107.2382, -6.2687, 0.0], [107.2424, -6.266, 0.0], [107.2463, -6.2667, 0.0], [107.2452, -6.2689, 0.0], [107.2454, -6.2696, 0.0], [107.2419, -6.2698, 0.0], [107.241, -6.2724, 0.0], [107.2386, -6.2727, 0.0], [107.2383, -6.2745, 0.0], [107.2364, -6.2744, 0.0], [107.2357, -6.277900000000001, 0.0], [107.237, -6.2782, 0.0], [107.2366, -6.2797, 0.0], [107.2388, -6.2803, 0.0], [107.2387, -6.2809, 0.0], [107.2411, -6.2811, 0.0], [107.241, -6.2821, 0.0], [107.2468, -6.2836, 0.0], [107.2487, -6.2825, 0.0], [107.2488, -6.2818, 0.0], [107.2478, -6.2811, 0.0], [107.2486, -6.2794, 0.0], [107.2507, -6.2805, 0.0], [107.2556, -6.2803, 0.0], [107.2566, -6.2786, 0.0], [107.2584, -6.2788, 0.0], [107.2592, -6.2763, 0.0], [107.2619, -6.2757, 0.0], [107.2644, -6.2744, 0.0], [107.2661, -6.2744, 0.0], [107.2653, -6.2785, 0.0], [107.2678, -6.2801, 0.0], [107.2671, -6.2846, 0.0], [107.2666, -6.2849, 0.0], [107.2656, -6.2842, 0.0], [107.2647, -6.2808, 0.0], [107.2633, -6.2801, 0.0], [107.2619, -6.282, 0.0], [107.2641, -6.2846, 0.0], [107.2643, -6.286, 0.0], [107.2636, -6.2866, 0.0], [107.2611, -6.2861, 0.0], [107.2598, -6.2877, 0.0], [107.2555, -6.2902, 0.0], [107.2549, -6.291, 0.0], [107.2555, -6.294, 0.0], [107.2546, -6.295, 0.0], [107.2537, -6.2949, 0.0], [107.2516, -6.2931, 0.0], [107.25, -6.2928, 0.0], [107.2481, -6.2938, 0.0], [107.2474, -6.2962, 0.0], [107.2479, -6.2976, 0.0], [107.2475, -6.2988, 0.0], [107.2449, -6.2996, 0.0], [107.242, -6.2967, 0.0], [107.2395, -6.297, 0.0], [107.2375, -6.2962, 0.0], [107.2365, -6.2967, 0.0], [107.2359, -6.2975, 0.0], [107.2364, -6.2988, 0.0], [107.2378, -6.3019, 0.0], [107.2393, -6.3037, 0.0], [107.2393, -6.3049, 0.0], [107.2385, -6.3061, 0.0], [107.2372, -6.3072, 0.0], [107.2355, -6.3071, 0.0], [107.2357, -6.3041, 0.0], [107.2351, -6.3007, 0.0], [107.2342, -6.2993, 0.0], [107.2331, -6.299, 0.0], [107.2323, -6.2999, 0.0], [107.2334, -6.3021, 0.0], [107.233, -6.3037, 0.0], [107.2312, -6.3038, 0.0], [107.2304, -6.3024, 0.0], [107.2294, -6.3022, 0.0], [107.2278, -6.3045, 0.0], [107.2244, -6.3055, 0.0], [107.2238, -6.3061, 0.0], [107.2242, -6.3078, 0.0], [107.2272, -6.3085, 0.0], [107.2276, -6.3093, 0.0], [107.227, -6.3101, 0.0], [107.2246, -6.3102, 0.0], [107.225, -6.3137, 0.0], [107.2239, -6.3163, 0.0], [107.2218, -6.3166, 0.0], [107.2214, -6.3143, 0.0], [107.2199, -6.3131, 0.0], [107.2186, -6.3135, 0.0], [107.2176, -6.3145, 0.0], [107.2173, -6.3162, 0.0], [107.2181, -6.3179, 0.0], [107.2191, -6.3184, 0.0], [107.2231, -6.3184, 0.0], [107.2247, -6.32, 0.0], [107.2242, -6.3213, 0.0], [107.2207, -6.3207, 0.0], [107.2185, -6.3215, 0.0], [107.2171, -6.321, 0.0], [107.2157, -6.3259, 0.0], [107.2135, -6.3252, 0.0], [107.2142, -6.3207, 0.0], [107.2135, -6.3213, 0.0], [107.2126, -6.3238, 0.0], [107.212, -6.3236, 0.0], [107.2112, -6.3244, 0.0], [107.2106, -6.3243, 0.0], [107.2103, -6.325, 0.0], [107.2085, -6.3246, 0.0], [107.2085, -6.323, 0.0], [107.2081, -6.3264, 0.0], [107.2071, -6.328, 0.0], [107.2065, -6.3317, 0.0]], [[107.1917, -6.2752, 0.0], [107.19185066585956, -6.275133292978209, 0.0], [107.19075000000001, -6.2752, 0.0], [107.1917, -6.2752, 0.0]], [[107.2131197231834, -6.294066782006921, 0.0], [107.214, -6.2937, 0.0], [107.2133, -6.2937, 0.0], [107.2135, -6.2926, 0.0], [107.2131197231834, -6.294066782006921, 0.0]], [[107.21636363636362, -6.290981818181809, 0.0], [107.2161, -6.2908, 0.0], [107.21606249999999, -6.290831249999998, 0.0], [107.21636363636362, -6.290981818181809, 0.0]], [[107.2182, -6.2926, 0.0], [107.21898069883527, -6.292786688851913, 0.0], [107.21784000000001, -6.292000000000006, 0.0], [107.2182, -6.2926, 0.0]], [[107.2325, -6.2895, 0.0], [107.2342, -6.2802, 0.0], [107.2326, -6.2887, 0.0], [107.2325, -6.2895, 0.0]], [[107.2113, -6.2999, 0.0], [107.2077, -6.2993, 0.0], [107.1963, -6.2998, 0.0], [107.1929, -6.2976, 0.0], [107.1962, -6.2998, 0.0], [107.19609267192786, -6.299987824126268, 0.0], [107.2086, -6.2996, 0.0], [107.2113, -6.2999, 0.0]], [[107.1968, -6.2727, 0.0], [107.19444391891894, -6.273985135135128, 0.0], [107.20002212257104, -6.271515396113587, 0.0], [107.1968, -6.2727, 0.0]], [[107.2074, -6.2708, 0.0], [107.20731823899372, -6.270791823899371, 0.0], [107.20732463768117, -6.270894202898551, 0.0], [107.2074, -6.2708, 0.0]], [[107.20542719298246, -6.274052631578952, 0.0], [107.20541666666666, -6.273799999999998, 0.0], [107.2053, -6.2739, 0.0], [107.20542719298246, -6.274052631578952, 0.0]], [[107.207, -6.2769, 0.0], [107.20561538461538, -6.2758846153846175, 0.0], [107.2056, -6.276, 0.0], [107.207, -6.2769, 0.0]]]}}, {"type": "Feature", "properties": {"kecamatan": "Cikarang Utara", "jumlah_desa": 11}, "geometry": {"type": "Polygon", "coordinates": [[[107.1405, -6.2979, 0.0], [107.1422, -6.3002, 0.0], [107.1425, -6.3043, 0.0], [107.1415, -6.3049, 0.0], [107.1413, -6.3072, 0.0], [107.1347, -6.3075, 0.0], [107.1344, -6.3117, 0.0], [107.125, -6.3063, 0.0], [107.1227, -6.307, 0.0], [107.1177, -6.3069, 0.0], [107.1167, -6.3065, 0.0], [107.117, -6.3059, 0.0], [107.1157, -6.305, 0.0], [107.115, -6.3034, 0.0], [107.1137, -6.3037, 0.0], [107.114, -6.3054, 0.0], [107.1111, -6.3036, 0.0], [107.1127, -6.3016, 0.0], [107.1151, -6.3005, 0.0], [107.1144, -6.2981, 0.0], [107.117, -6.2973, 0.0], [107.117, -6.2954, 0.0], [107.1162, -6.2934, 0.0], [107.1192, -6.2904, 0.0], [107.1194, -6.287, 0.0], [107.1195, -6.2846, 0.0], [107.1185, -6.2835, 0.0], [107.1184, -6.2802, 0.0], [107.1178, -6.2796, 0.0], [107.119, -6.2785, 0.0], [107.1191, -6.2775, 0.0], [107.1183, -6.277, 0.0], [107.1163, -6.278, 0.0], [107.1176, -6.2762, 0.0], [107.1194, -6.2745, 0.0], [107.1207, -6.2755, 0.0], [107.123, -6.276, 0.0], [107.1248, -6.2732, 0.0], [107.126, -6.2735, 0.0], [107.1271, -6.2724, 0.0], [107.1277, -6.2734, 0.0], [107.1281, -6.2733, 0.0], [107.1287, -6.2715, 0.0], [107.1298, -6.2712, 0.0], [107.13, -6.2696, 0.0], [107.1311, -6.2698, 0.0], [107.1331, -6.2692, 0.0], [107.1329, -6.2678, 0.0], [107.1369, -6.268, 0.0], [107.1373, -6.2692, 0.0], [107.1369, -6.2658, 0.0], [107.1387, -6.2643, 0.0], [107.1403, -6.2599, 0.0], [107.1419, -6.2597, 0.0], [107.1418, -6.2582, 0.0], [107.1426, -6.2568, 0.0], [107.1413, -6.257, 0.0], [107.1411, -6.2562, 0.0], [107.1414, -6.2558, 0.0], [107.1416, -6.2544, 0.0], [107.1426, -6.2537, 0.0], [107.1419, -6.253, 0.0], [107.1418, -6.2512, 0.0], [107.1435, -6.252, 0.0], [107.1439, -6.2509, 0.0], [107.1467, -6.249, 0.0], [107.1475, -6.2471, 0.0], [107.1486, -6.2475, 0.0], [107.1488, -6.2486, 0.0], [107.1493, -6.2473, 0.0], [107.1521, -6.2463, 0.0], [107.1522, -6.2456, 0.0], [107.1534, -6.2446, 0.0], [107.1546, -6.2448, 0.0], [107.1554, -6.2464, 0.0], [107.1567, -6.2467, 0.0], [107.1584, -6.2449, 0.0], [107.1613, -6.2458, 0.0], [107.1648, -6.2455, 0.0], [107.1651, -6.2498, 0.0], [107.1649, -6.2461, 0.0], [107.1774, -6.2497, 0.0], [107.1794, -6.2434, 0.0], [107.1808, -6.244, 0.0], [107.191, -6.2448, 0.0], [107.1981, -6.248, 0.0], [107.1964, -6.2654, 0.0], [107.1939, -6.2654, 0.0], [107.1859, -6.2688, 0.0], [107.1854, -6.2698, 0.0], [107.1859, -6.2718, 0.0], [107.1856, -6.2725, 0.0], [107.1828, -6.2703, 0.0], [107.1858, -6.2728, 0.0], [107.1849, -6.2773, 0.0], [107.1818, -6.2844, 0.0], [107.1794, -6.2841, 0.0], [107.1789, -6.2849, 0.0], [107.1793, -6.2868, 0.0], [107.1783, -6.287, 0.0], [107.1781, -6.2893, 0.0], [107.1759, -6.2889, 0.0], [107.1735, -6.2868, 0.0], [107.17232421875, -6.286956770833333, 0.0], [107.1725, -6.2871, 0.0], [107.1721, -6.292, 0.0], [107.1712, -6.2951, 0.0], [107.1707, -6.2961, 0.0], [107.1695, -6.2965, 0.0], [107.1676, -6.3, 0.0], [107.1682, -6.3027, 0.0], [107.1705, -6.3046, 0.0], [107.1695, -6.3068, 0.0], [107.1653, -6.3039, 0.0], [107.1641, -6.3039, 0.0], [107.1639, -6.3046, 0.0], [107.1632, -6.304, 0.0], [107.1609, -6.304, 0.0], [107.1607, -6.2999, 0.0], [107.1492, -6.3002, 0.0], [107.1487, -6.2978, 0.0], [107.1468, -6.2971, 0.0], [107.14764057649667, -6.295567184035489, 0.0], [107.1473, -6.296, 0.0], [107.1436, -6.2953, 0.0], [107.1421919395466, -6.2941085642317365, 0.0], [107.1406, -6.2958, 0.0], [107.1419, -6.297, 0.0], [107.1405, -6.2979, 0.0]], [[107.1591, -6.2608, 0.0], [107.15919723673126, -6.258077371524853, 0.0], [107.15919723673126, -6.258077371524852, 0.0], [107.1591, -6.2608, 0.0]], [[107.15045217391305, -6.268143478260869, 0.0], [107.1507, -6.2681125, 0.0], [107.1507, -6.2674, 0.0], [107.15045217391305, -6.268143478260869, 0.0]], [[107.1424, -6.2722, 0.0], [107.1424, -6.2813, 0.0], [107.1425, -6.2693, 0.0], [107.1424, -6.2722, 0.0]], [[107.1472, -6.2628, 0.0], [107.148, -6.269, 0.0], [107.1484, -6.2701, 0.0], [107.1472, -6.2628, 0.0]], [[107.1407617246596, -6.290069591527998, 0.0], [107.1397, -6.292, 0.0], [107.1407, -6.2904, 0.0], [107.1407617246596, -6.290069591527998, 0.0]], [[107.17972739130434, -6.270216956521739, 0.0], [107.17820489130435, -6.269849456521739, 0.0], [107.17851395348838, -6.270102325581394, 0.0], [107.1791, -6.2702, 0.0], [107.17972739130434, -6.270216956521739, 0.0]], [[107.1666, -6.2842, 0.0], [107.16665, -6.2842, 0.0], [107.16655714285714, -6.284014285714276, 0.0], [107.1666, -6.2842, 0.0]], [[107.16592105263159, -6.282742105263157, 0.0], [107.1658, -6.2825, 0.0], [107.16420769230768, -6.282028205128201, 0.0], [107.16592105263159, -6.282742105263157, 0.0]], [[107.1625, -6.2585, 0.0], [107.17295639849938, -6.260078324301793, 0.0], [107.1726, -6.2596, 0.0], [107.1625, -6.2585, 0.0]], [[107.1778, -6.2674, 0.0], [107.1779, -6.2696, 0.0], [107.1779894308943, -6.26967317073171, 0.0], [107.1778, -6.2674, 0.0]]]}}, {"type": "Feature", "properties": {"kecamatan": "Karang Bahagia", "jumlah_desa": 8}, "geometry": {"type": "Polygon", "coordinates": [[[107.22, -6.1994, 0.0], [107.2289, -6.2026, 0.0], [107.2325, -6.2045, 0.0], [107.2458, -6.2148, 0.0], [107.2416, -6.2203, 0.0], [107.2383, -6.2235, 0.0], [107.2376, -6.2258, 0.0], [107.2404, -6.2271, 0.0], [107.2413, -6.2297, 0.0], [107.2405, -6.232, 0.0], [107.2417, -6.2364, 0.0], [107.2406, -6.24, 0.0], [107.2393, -6.2399, 0.0], [107.2372, -6.238, 0.0], [107.2362, -6.2382, 0.0], [107.2341, -6.2336, 0.0], [107.2281, -6.2321, 0.0], [107.2269, -6.2325, 0.0], [107.22692948717949, -6.232352564102572, 0.0], [107.2215, -6.2441, 0.0], [107.2201, -6.2436, 0.0], [107.2197, -6.2445, 0.0], [107.2166, -6.2431, 0.0], [107.2172, -6.2423, 0.0], [107.2153, -6.2419, 0.0], [107.2161, -6.2399, 0.0], [107.2155, -6.2397, 0.0], [107.2161, -6.2383, 0.0], [107.2129, -6.237, 0.0], [107.2133, -6.2379, 0.0], [107.2115, -6.2369, 0.0], [107.2111, -6.2375, 0.0], [107.2098, -6.2368, 0.0], [107.2107, -6.235, 0.0], [107.2018, -6.2317, 0.0], [107.2032, -6.2238, 0.0], [107.2007, -6.2378, 0.0], [107.1981, -6.248, 0.0], [107.191, -6.2448, 0.0], [107.1808, -6.244, 0.0], [107.17939906629319, -6.243502894491129, 0.0], [107.1774, -6.2497, 0.0], [107.1649, -6.2461, 0.0], [107.1645, -6.2454, 0.0], [107.1613, -6.2458, 0.0], [107.1584, -6.2449, 0.0], [107.1589, -6.2441, 0.0], [107.1577, -6.243, 0.0], [107.1588, -6.2427, 0.0], [107.159, -6.2411, 0.0], [107.1581, -6.2408, 0.0], [107.1571, -6.2391, 0.0], [107.158, -6.2381, 0.0], [107.1574, -6.2363, 0.0], [107.1582, -6.2357, 0.0], [107.1585, -6.2338, 0.0], [107.157, -6.2332, 0.0], [107.156, -6.2299, 0.0], [107.1554, -6.2297, 0.0], [107.1568, -6.2276, 0.0], [107.1562, -6.2257, 0.0], [107.1557, -6.2256, 0.0], [107.1558, -6.2245, 0.0], [107.1569, -6.2236, 0.0], [107.1572, -6.2213, 0.0], [107.1589, -6.2183, 0.0], [107.1606, -6.217, 0.0], [107.161, -6.2174, 0.0], [107.1627, -6.2169, 0.0], [107.1652, -6.2174, 0.0], [107.1673, -6.2149, 0.0], [107.1668, -6.2153, 0.0], [107.1728, -6.205, 0.0], [107.174, -6.1973, 0.0], [107.1777, -6.1727, 0.0], [107.1801, -6.1732, 0.0], [107.184, -6.1761, 0.0], [107.1915, -6.1811, 0.0], [107.2134, -6.1968, 0.0], [107.22, -6.1994, 0.0]], [[107.1742, -6.2268, 0.0], [107.1749, -6.2272, 0.0], [107.17509886363636, -6.22708068181818, 0.0], [107.1743, -6.2268, 0.0], [107.1766, -6.2252, 0.0], [107.1742, -6.2268, 0.0]], [[107.19788075471698, -6.221544905660384, 0.0], [107.19788075471698, -6.221544905660381, 0.0], [107.1928, -6.2334, 0.0], [107.19788075471698, -6.221544905660384, 0.0]], [[107.20072756431674, -6.223008820581356, 0.0], [107.2052, -6.2128, 0.0], [107.2007, -6.223, 0.0], [107.20072756431674, -6.223008820581356, 0.0]], [[107.206, -6.2076, 0.0], [107.2059460199005, -6.206682338308447, 0.0], [107.205515625, -6.2084718750000025, 0.0], [107.206, -6.2076, 0.0]], [[107.2068, -6.204, 0.0], [107.207, -6.2023, 0.0], [107.20637571428571, -6.2048957142857315, 0.0], [107.2068, -6.204, 0.0]], [[107.17772558139535, -6.242848837209303, 0.0], [107.18018, -6.237940000000024, 0.0], [107.1776, -6.2428, 0.0], [107.17772558139535, -6.242848837209303, 0.0]], [[107.227, -6.232, 0.0], [107.22426972477064, -6.230122935779816, 0.0], [107.2246, -6.2306, 0.0], [107.22696470588235, -6.232176470588234, 0.0], [107.227, -6.232, 0.0]], [[107.21831887141535, -6.207607863089732, 0.0], [107.2183, -6.2077, 0.0], [107.2195, -6.2081, 0.0], [107.21831887141535, -6.207607863089732, 0.0]], [[107.18853435980552, -6.199881344365779, 0.0], [107.1791, -6.1972, 0.0], [107.18853435980552, -6.19988134436578, 0.0], [107.18853435980552, -6.199881344365779, 0.0]], [[107.1983, -6.2062, 0.0], [107.198175, -6.2062446428571425, 0.0], [107.19853076923077, -6.20621923076923, 0.0], [107.1983, -6.2062, 0.0]], [[107.2019, -6.2065, 0.0], [107.20096493506493, -6.206422077922078, 0.0], [107.204, -6.2077, 0.0], [107.2019, -6.2065, 0.0]]]}}, {"type": "Feature", "properties": {"kecamatan": "Kedung Waringin", "jumlah_desa": 7}, "geometry": {"type": "Polygon", "coordinates": [[[107.2644, -6.2744, 0.0], [107.2619, -6.2757, 0.0], [107.2592, -6.2763, 0.0], [107.2584, -6.2788, 0.0], [107.2566, -6.2786, 0.0], [107.2556, -6.2803, 0.0], [107.2507, -6.2805, 0.0], [107.2486, -6.2794, 0.0], [107.2478, -6.2811, 0.0], [107.2488, -6.2818, 0.0], [107.2487, -6.2825, 0.0], [107.2468, -6.2836, 0.0], [107.241, -6.2821, 0.0], [107.2411, -6.2811, 0.0], [107.2387, -6.2809, 0.0], [107.2388, -6.2803, 0.0], [107.2366, -6.2797, 0.0], [107.237, -6.2782, 0.0], [107.2357, -6.2779, 0.0], [107.2364, -6.2744, 0.0], [107.2383, -6.2745, 0.0], [107.2386, -6.2727, 0.0], [107.241, -6.2724, 0.0], [107.2419, -6.2698, 0.0], [107.2454, -6.2696, 0.0], [107.2452, -6.2689, 0.0], [107.2463, -6.2667, 0.0], [107.25232277227721, -6.267691089108909, 0.0], [107.2435, -6.2659, 0.0], [107.2415, -6.2663, 0.0], [107.2382, -6.2687, 0.0], [107.2378, -6.267924999999976, 0.0], [107.2378, -6.2689, 0.0], [107.2345, -6.2695, 0.0], [107.2285, -6.2676, 0.0], [107.2262, -6.2659, 0.0], [107.2247, -6.2657, 0.0], [107.2215, -6.2665, 0.0], [107.2142, -6.2659, 0.0], [107.2143, -6.2654, 0.0], [107.2117, -6.2652, 0.0], [107.215, -6.2614, 0.0], [107.2148, -6.259, 0.0], [107.221, -6.2451, 0.0], [107.2269, -6.2325, 0.0], [107.2279, -6.232, 0.0], [107.2341, -6.2336, 0.0], [107.2362, -6.2382, 0.0], [107.2372, -6.238, 0.0], [107.2393, -6.2399, 0.0], [107.24047404021938, -6.239990310786107, 0.0], [107.2417, -6.2364, 0.0], [107.2405, -6.232, 0.0], [107.2413, -6.2297, 0.0], [107.2404, -6.2271, 0.0], [107.2376, -6.2258, 0.0], [107.2383, -6.2235, 0.0], [107.2416, -6.2203, 0.0], [107.2457, -6.2149, 0.0], [107.2504, -6.2188, 0.0], [107.2529, -6.2202, 0.0], [107.2663, -6.2305, 0.0], [107.2676, -6.2323, 0.0], [107.2694, -6.233, 0.0], [107.272, -6.2367, 0.0], [107.2748, -6.2419, 0.0], [107.2762, -6.249, 0.0], [107.2778, -6.2542, 0.0], [107.2768, -6.2556, 0.0], [107.2738, -6.2575, 0.0], [107.2734, -6.2584, 0.0], [107.2738, -6.2599, 0.0], [107.2763, -6.2641, 0.0], [107.2759, -6.2675, 0.0], [107.2673, -6.2733, 0.0], [107.2661, -6.2744, 0.0], [107.2644, -6.2744, 0.0]], [[107.23491818181817, -6.25167272727275, 0.0], [107.2336, -6.2551, 0.0], [107.2335, -6.2564, 0.0], [107.23491818181817, -6.25167272727275, 0.0]], [[107.23532941176467, -6.25086470588241, 0.0], [107.2351, -6.2512, 0.0], [107.23506153846155, -6.251299999999986, 0.0], [107.23532941176467, -6.25086470588241, 0.0]], [[107.2384, -6.2465, 0.0], [107.23916666666666, -6.245541666666665, 0.0], [107.239, -6.2455, 0.0], [107.23813333333335, -6.246766666666646, 0.0], [107.2384, -6.2465, 0.0]], [[107.2429, -6.25, 0.0], [107.24408993710686, -6.250567924528276, 0.0], [107.24251300000002, -6.249699000000009, 0.0], [107.2429, -6.25, 0.0]], [[107.25195635359115, -6.254321310181532, 0.0], [107.2525, -6.2537, 0.0], [107.2517, -6.2542, 0.0], [107.25195635359115, -6.254321310181532, 0.0]], [[107.2626, -6.2584, 0.0], [107.2608, -6.2557, 0.0], [107.26280707964601, -6.259331858407073, 0.0], [107.2626, -6.2584, 0.0]], [[107.2568, -6.2686, 0.0], [107.25466829268292, -6.26816724738676, 0.0], [107.2598, -6.27, 0.0], [107.2568, -6.2686, 0.0]], [[107.2396, -6.245, 0.0], [107.23978918918918, -6.243783783783855, 0.0], [107.23950243902439, -6.245121951219501, 0.0], [107.2396, -6.245, 0.0]], [[107.2513, -6.2228, 0.0], [107.2551, -6.2248, 0.0], [107.2552, -6.2275, 0.0], [107.2536, -6.2304, 0.0], [107.25363358662615, -6.230438753799392, 0.0], [107.2553, -6.2274, 0.0], [107.2551, -6.2247, 0.0], [107.2513, -6.2228, 0.0]], [[107.2548, -6.2385, 0.0], [107.256, -6.237, 0.0], [107.25597079646018, -6.236938938053098, 0.0], [107.2548, -6.2385, 0.0]], [[107.2543, -6.2453, 0.0], [107.2556, -6.2434, 0.0], [107.25558966725043, -6.242997022767081, 0.0], [107.2543, -6.2453, 0.0]], [[107.25392222222222, -6.253877777777777, 0.0], [107.2541, -6.2539, 0.0], [107.25405833333333, -6.2537416666666665, 0.0], [107.25392222222222, -6.253877777777777, 0.0]]]}}, {"type": "Feature", "properties": {"kecamatan": "Muaragembong", "jumlah_desa": 6}, "geometry": {"type": "MultiPolygon", "coordinates": [[[[106.9825, -6.0459, 0.0], [106.9824, -6.0463, 0.0], [106.98233222748816, -6.04620758293839, 0.0], [106.9825, -6.0459, 0.0]]], [[[106.9833, -6.0474, 0.0], [106.9845, -6.0467, 0.0], [106.9838, -6.0454, 0.0], [106.9847, -6.0446, 0.0], [106.9865, -6.0458, 0.0], [106.9872, -6.0456, 0.0], [106.9871, -6.0465, 0.0], [106.9889, -6.0458, 0.0], [106.99, -6.0472, 0.0], [106.9901, -6.0483, 0.0], [106.993, -6.0476, 0.0], [106.9935, -6.048, 0.0], [106.995, -6.0472, 0.0], [106.9975, -6.0478, 0.0], [106.9978, -6.0496, 0.0], [106.9983, -6.0493, 0.0], [107.0001, -6.0496, 0.0], [107.0004, -6.0487, 0.0], [107.0012, -6.0491, 0.0], [107.0036, -6.0482, 0.0], [107.0042, -6.0494, 0.0], [107.0063, -6.0496, 0.0], [107.004, -6.045, 0.0], [107.0063, -6.0445, 0.0], [107.0087, -6.0429, 0.0], [107.0085, -6.0419, 0.0], [107.0071, -6.0427, 0.0], [107.0074, -6.0423, 0.0], [107.0068, -6.0421, 0.0], [107.0081, -6.0418, 0.0], [107.0079, -6.0414, 0.0], [107.0085, -6.0411, 0.0], [107.008, -6.0409, 0.0], [107.0082, -6.04, 0.0], [107.0069, -6.0396, 0.0], [107.0071, -6.0382, 0.0], [107.0084, -6.0387, 0.0], [107.009, -6.0378, 0.0], [107.011, -6.0384, 0.0], [107.0134, -6.0353, 0.0], [107.0161, -6.0345, 0.0], [107.0156, -6.0293, 0.0], [107.0142, -6.0281, 0.0], [107.015, -6.0273, 0.0], [107.0145, -6.0264, 0.0], [107.0128, -6.0252, 0.0], [107.0125, -6.024, 0.0], [107.0131, -6.0235, 0.0], [107.0124, -6.0232, 0.0], [107.012, -6.025, 0.0], [107.0115, -6.0249, 0.0], [107.0119, -6.0248, 0.0], [107.0117, -6.0236, 0.0], [107.0085, -6.0237, 0.0], [107.0069, -6.0244, 0.0], [107.007, -6.0234, 0.0], [107.0058, -6.0247, 0.0], [107.0029, -6.0237, 0.0], [107.0026, -6.025, 0.0], [107.0011, -6.0257, 0.0], [107.0006, -6.0253, 0.0], [107.0004, -6.0261, 0.0], [106.9993, -6.0269, 0.0], [106.9952, -6.0282, 0.0], [106.995, -6.0249, 0.0], [107.0019, -6.0186, 0.0], [106.9959, -6.0237, 0.0], [106.9949, -6.0233, 0.0], [106.9953, -6.0191, 0.0], [106.9947, -6.0159, 0.0], [106.9951, -6.0144, 0.0], [106.9957, -6.0144, 0.0], [106.9941, -6.0131, 0.0], [106.9946, -6.01, 0.0], [106.9978, -6.0122, 0.0], [106.9967, -6.011, 0.0], [106.9967, -6.0094, 0.0], [106.9948, -6.0087, 0.0], [106.9945, -6.0077, 0.0], [106.9965, -6.0079, 0.0], [106.9973, -6.0073, 0.0], [106.9959, -6.0071, 0.0], [106.9978, -6.0044, 0.0], [106.999, -6.0048, 0.0], [107.0011, -6.0033, 0.0], [107.0023, -6.0036, 0.0], [107.0033, -6.0025, 0.0], [107.0044, -6.0043, 0.0], [107.0053, -6.0039, 0.0], [107.004, -6.002, 0.0], [107.0083, -5.9989, 0.0], [107.0078, -5.9983, 0.0], [107.0085, -5.9983, 0.0], [107.0073, -5.9975, 0.0], [107.008, -5.9966, 0.0], [107.0094, -5.9967, 0.0], [107.0093, -5.996, 0.0], [107.0086, -5.9958, 0.0], [107.0088, -5.9948, 0.0], [107.0104, -5.9936, 0.0], [107.0093, -5.9928, 0.0], [107.0111, -5.9906, 0.0], [107.01, -5.9896, 0.0], [107.0106, -5.9873, 0.0], [107.0109, -5.9869, 0.0], [107.0119, -5.9873, 0.0], [107.0116, -5.9866, 0.0], [107.0127, -5.9841, 0.0], [107.0134, -5.9839, 0.0], [107.0123, -5.9829, 0.0], [107.014, -5.9824, 0.0], [107.0131, -5.9807, 0.0], [107.0169, -5.9848, 0.0], [107.0142, -5.9816, 0.0], [107.0145, -5.9809, 0.0], [107.0155, -5.9811, 0.0], [107.016, -5.9805, 0.0], [107.0145, -5.9799, 0.0], [107.0146, -5.9795, 0.0], [107.0157, -5.9797, 0.0], [107.016, -5.9792, 0.0], [107.0147, -5.9787, 0.0], [107.0151, -5.9781, 0.0], [107.0145, -5.9776, 0.0], [107.015, -5.9758, 0.0], [107.0164, -5.9755, 0.0], [107.0169, -5.9759, 0.0], [107.0164, -5.9746, 0.0], [107.0184, -5.9742, 0.0], [107.0172, -5.9736, 0.0], [107.0173, -5.9725, 0.0], [107.0178, -5.9724, 0.0], [107.0173, -5.9715, 0.0], [107.0179, -5.9709, 0.0], [107.0167, -5.9664, 0.0], [107.0158, -5.9598, 0.0], [107.0161, -5.9587, 0.0], [107.0148, -5.9576, 0.0], [107.0134, -5.9545, 0.0], [107.0074, -5.9454, 0.0], [107.0051, -5.9429, 0.0], [107.0055, -5.9422, 0.0], [107.0034, -5.9421, 0.0], [107.0031, -5.9415, 0.0], [106.9993, -5.942, 0.0], [106.998, -5.9413, 0.0], [106.9979, -5.9403, 0.0], [106.9974, -5.942, 0.0], [106.9966, -5.9413, 0.0], [106.9968, -5.9419, 0.0], [106.9958, -5.9421, 0.0], [106.9956, -5.9428, 0.0], [106.9901, -5.9449, 0.0], [106.9893, -5.9431, 0.0], [106.9893, -5.9419, 0.0], [106.99, -5.9411, 0.0], [106.9894, -5.9397, 0.0], [106.9855, -5.9395, 0.0], [106.9849, -5.9389, 0.0], [106.9851, -5.9368, 0.0], [106.9869, -5.9351, 0.0], [106.9981, -5.9329, 0.0], [107.0006, -5.9318, 0.0], [107.0049, -5.9278, 0.0], [107.004, -5.9297, 0.0], [107.0071, -5.9303, 0.0], [107.0117, -5.9254, 0.0], [107.0117, -5.9243, 0.0], [107.0111, -5.9245, 0.0], [107.011, -5.9237, 0.0], [107.0096, -5.9228, 0.0], [107.012, -5.9225, 0.0], [107.0124, -5.9227, 0.0], [107.0117, -5.9234, 0.0], [107.0119, -5.9242, 0.0], [107.0127, -5.9241, 0.0], [107.0131, -5.925, 0.0], [107.0149, -5.9252, 0.0], [107.0153, -5.927, 0.0], [107.0178, -5.9266, 0.0], [107.0186, -5.9269, 0.0], [107.0193, -5.9276, 0.0], [107.0192, -5.9288, 0.0], [107.0196, -5.9286, 0.0], [107.0206, -5.9305, 0.0], [107.021, -5.9302, 0.0], [107.022, -5.9316, 0.0], [107.0224, -5.9311, 0.0], [107.0234, -5.9314, 0.0], [107.0242, -5.9322, 0.0], [107.0264, -5.9302, 0.0], [107.0274, -5.9314, 0.0], [107.0275, -5.931, 0.0], [107.0285, -5.9311, 0.0], [107.0316, -5.934, 0.0], [107.0316, -5.9357, 0.0], [107.0359, -5.9365, 0.0], [107.0359, -5.935, 0.0], [107.0343, -5.9346, 0.0], [107.0341, -5.9352, 0.0], [107.0342, -5.9346, 0.0], [107.0326, -5.933, 0.0], [107.0279, -5.9295, 0.0], [107.0282, -5.9289, 0.0], [107.0276, -5.9294, 0.0], [107.0276, -5.9285, 0.0], [107.0266, -5.9284, 0.0], [107.0267, -5.9276, 0.0], [107.0257, -5.9266, 0.0], [107.0242, -5.9259, 0.0], [107.0242, -5.9252, 0.0], [107.0234, -5.9242, 0.0], [107.023, -5.9244, 0.0], [107.022, -5.9227, 0.0], [107.0203, -5.9219, 0.0], [107.0219, -5.9217, 0.0], [107.0256, -5.9232, 0.0], [107.0284, -5.9252, 0.0], [107.0317, -5.9261, 0.0], [107.0336, -5.9257, 0.0], [107.035, -5.9243, 0.0], [107.0359, -5.9244, 0.0], [107.0353, -5.926, 0.0], [107.036, -5.9268, 0.0], [107.0361, -5.928, 0.0], [107.0374, -5.9277, 0.0], [107.0388, -5.9266, 0.0], [107.0398, -5.9272, 0.0], [107.0395, -5.9283, 0.0], [107.0402, -5.9302, 0.0], [107.0398, -5.9312, 0.0], [107.0405, -5.9322, 0.0], [107.0401, -5.9329, 0.0], [107.0411, -5.9328, 0.0], [107.0392, -5.9368, 0.0], [107.0399, -5.9362, 0.0], [107.0409, -5.9367, 0.0], [107.04, -5.9371, 0.0], [107.0398, -5.9384, 0.0], [107.0417, -5.9394, 0.0], [107.0416, -5.9417, 0.0], [107.0423, -5.9417, 0.0], [107.0414, -5.9428, 0.0], [107.04, -5.9431, 0.0], [107.0399, -5.9438, 0.0], [107.0387, -5.9438, 0.0], [107.0386, -5.9447, 0.0], [107.0401, -5.9453, 0.0], [107.0403, -5.9462, 0.0], [107.0394, -5.9463, 0.0], [107.0396, -5.9472, 0.0], [107.0389, -5.948, 0.0], [107.0373, -5.9479, 0.0], [107.0364, -5.9497, 0.0], [107.0381, -5.949, 0.0], [107.0385, -5.9493, 0.0], [107.0369, -5.9501, 0.0], [107.0378, -5.9507, 0.0], [107.039, -5.9504, 0.0], [107.0397, -5.9509, 0.0], [107.0385, -5.9528, 0.0], [107.0383, -5.9547, 0.0], [107.0376, -5.9549, 0.0], [107.0379, -5.9552, 0.0], [107.0397, -5.9535, 0.0], [107.0405, -5.954, 0.0], [107.0414, -5.9537, 0.0], [107.0422, -5.9562, 0.0], [107.0437, -5.9551, 0.0], [107.0463, -5.9589, 0.0], [107.0457, -5.9613, 0.0], [107.0487, -5.9589, 0.0], [107.0526, -5.9611, 0.0], [107.0523936802974, -5.963617100371741, 0.0], [107.0527, -5.964, 0.0], [107.0575, -5.9647, 0.0], [107.0618, -5.9646, 0.0], [107.0614, -5.9631, 0.0], [107.0643, -5.9622, 0.0], [107.0648, -5.9629, 0.0], [107.0664, -5.9627, 0.0], [107.0668, -5.9608, 0.0], [107.0691, -5.9609, 0.0], [107.0694, -5.9574, 0.0], [107.0718, -5.9573, 0.0], [107.0724, -5.9577, 0.0], [107.0707, -5.9561, 0.0], [107.0707, -5.9502, 0.0], [107.0747, -5.95, 0.0], [107.0749, -5.943, 0.0], [107.0711, -5.9428, 0.0], [107.0703, -5.9434, 0.0], [107.0666, -5.9436, 0.0], [107.065, -5.9433, 0.0], [107.0647, -5.9378, 0.0], [107.0613, -5.9367, 0.0], [107.0619, -5.9345, 0.0], [107.0604, -5.9343, 0.0], [107.06, -5.9331, 0.0], [107.0577, -5.9371, 0.0], [107.0573, -5.9365, 0.0], [107.0578, -5.9352, 0.0], [107.0573, -5.935, 0.0], [107.0579, -5.9345, 0.0], [107.0584, -5.935, 0.0], [107.0593, -5.9328, 0.0], [107.0589, -5.9325, 0.0], [107.0584, -5.9335, 0.0], [107.0586, -5.932, 0.0], [107.0572, -5.9324, 0.0], [107.0575, -5.9316, 0.0], [107.0561, -5.9307, 0.0], [107.0564, -5.9299, 0.0], [107.0556, -5.929, 0.0], [107.0548, -5.929, 0.0], [107.0545, -5.9298, 0.0], [107.0532, -5.9296, 0.0], [107.0529, -5.9307, 0.0], [107.0518, -5.9312, 0.0], [107.0515, -5.9326, 0.0], [107.0508, -5.9329, 0.0], [107.0507, -5.9316, 0.0], [107.0515, -5.9314, 0.0], [107.0519, -5.9303, 0.0], [107.0513, -5.9294, 0.0], [107.0524, -5.9295, 0.0], [107.0528, -5.9287, 0.0], [107.0524, -5.928, 0.0], [107.0563, -5.9289, 0.0], [107.0761, -5.9345, 0.0], [107.0832, -5.9358, 0.0], [107.0895, -5.935, 0.0], [107.0923, -5.9359, 0.0], [107.0939, -5.9371, 0.0], [107.0951, -5.937, 0.0], [107.0983, -5.9397, 0.0], [107.0974, -5.9454, 0.0], [107.0954, -5.9521, 0.0], [107.0953, -5.9552, 0.0], [107.094, -5.9557, 0.0], [107.0936, -5.9579, 0.0], [107.094, -5.9584, 0.0], [107.0954, -5.9585, 0.0], [107.0971, -5.9613, 0.0], [107.0959, -5.9625, 0.0], [107.0953, -5.964, 0.0], [107.094, -5.9635, 0.0], [107.0926, -5.9651, 0.0], [107.0914, -5.9677, 0.0], [107.0895, -5.9686, 0.0], [107.091, -5.9727, 0.0], [107.0902, -5.9742, 0.0], [107.0885, -5.9756, 0.0], [107.09, -5.9764, 0.0], [107.0856, -5.9795, 0.0], [107.0873, -5.9794, 0.0], [107.0886, -5.9801, 0.0], [107.0888, -5.9807, 0.0], [107.0878, -5.9813, 0.0], [107.0876, -5.9823, 0.0], [107.0899, -5.9835, 0.0], [107.0878, -5.9853, 0.0], [107.0849, -5.9849, 0.0], [107.0853, -5.9865, 0.0], [107.0872, -5.9872, 0.0], [107.0854, -5.989, 0.0], [107.0853, -5.9903, 0.0], [107.0844, -5.9908, 0.0], [107.08375317073171, -5.990725365853659, 0.0], [107.0859, -5.9916, 0.0], [107.0875, -5.9928, 0.0], [107.0882, -5.9941, 0.0], [107.0883, -5.9954, 0.0], [107.0877, -5.9975, 0.0], [107.0847, -6.0004, 0.0], [107.0846, -6.0023, 0.0], [107.09, -6.0043, 0.0], [107.092, -6.0058, 0.0], [107.0931, -6.0078, 0.0], [107.093, -6.0131, 0.0], [107.0936, -6.0143, 0.0], [107.0997, -6.0145, 0.0], [107.1016, -6.0162, 0.0], [107.1013, -6.0174, 0.0], [107.0972, -6.0197, 0.0], [107.095, -6.0221, 0.0], [107.0938, -6.0245, 0.0], [107.0939, -6.0274, 0.0], [107.0951, -6.0281, 0.0], [107.0961, -6.0279, 0.0], [107.0983, -6.0252, 0.0], [107.0993, -6.025, 0.0], [107.1051, -6.0288, 0.0], [107.1113, -6.0289, 0.0], [107.1123, -6.0305, 0.0], [107.1126, -6.0355, 0.0], [107.1096, -6.0361, 0.0], [107.1043, -6.0386, 0.0], [107.1035, -6.0377, 0.0], [107.1017, -6.0392, 0.0], [107.1002, -6.0378, 0.0], [107.0976, -6.0408, 0.0], [107.0956, -6.0414, 0.0], [107.093, -6.0391, 0.0], [107.0933, -6.0368, 0.0], [107.0904, -6.0368, 0.0], [107.0891, -6.0374, 0.0], [107.0866, -6.0355, 0.0], [107.0859, -6.0365, 0.0], [107.08563274932615, -6.038816172506738, 0.0], [107.0872, -6.0386, 0.0], [107.0882, -6.0434, 0.0], [107.0866, -6.0455, 0.0], [107.0855, -6.0481, 0.0], [107.1038, -6.0613, 0.0], [107.1071, -6.0659, 0.0], [107.1069, -6.0667, 0.0], [107.1062, -6.0672, 0.0], [107.1049, -6.0667, 0.0], [107.0891, -6.0682, 0.0], [107.0888, -6.0667, 0.0], [107.0828, -6.065, 0.0], [107.073, -6.0695, 0.0], [107.0702, -6.0701, 0.0], [107.0618, -6.0676, 0.0], [107.0601, -6.0682, 0.0], [107.0598, -6.0661, 0.0], [107.0582, -6.0654, 0.0], [107.058, -6.0648, 0.0], [107.0589, -6.0584, 0.0], [107.0604, -6.0579, 0.0], [107.0606, -6.0574, 0.0], [107.06, -6.0563, 0.0], [107.0581, -6.0559, 0.0], [107.0596, -6.0539, 0.0], [107.0572, -6.053, 0.0], [107.0568, -6.0522, 0.0], [107.0574, -6.0506, 0.0], [107.06, -6.0488, 0.0], [107.0594, -6.0473, 0.0], [107.0582, -6.0469, 0.0], [107.0551, -6.0476, 0.0], [107.0552, -6.0503, 0.0], [107.0535, -6.0551, 0.0], [107.0515, -6.0558, 0.0], [107.0475, -6.0608, 0.0], [107.0454, -6.0616, 0.0], [107.0435, -6.0631, 0.0], [107.041, -6.0627, 0.0], [107.0384, -6.0634, 0.0], [107.0361, -6.062, 0.0], [107.0319, -6.0618, 0.0], [107.026, -6.0597, 0.0], [107.0184, -6.0604, 0.0], [107.016, -6.0598, 0.0], [107.0141, -6.06, 0.0], [107.0103, -6.0578, 0.0], [107.009, -6.0582, 0.0], [107.0075, -6.057, 0.0], [106.9986, -6.053, 0.0], [106.988, -6.0501, 0.0], [106.9867, -6.0502, 0.0], [106.9848, -6.0526, 0.0], [106.9835, -6.0533, 0.0], [106.9797, -6.0536, 0.0], [106.9772, -6.0526, 0.0], [106.9758, -6.0486, 0.0], [106.9764, -6.0481, 0.0], [106.9784, -6.0495, 0.0], [106.9806, -6.0489, 0.0], [106.981, -6.0502, 0.0], [106.9807, -6.0512, 0.0], [106.9829, -6.0508, 0.0], [106.9841, -6.0499, 0.0], [106.9819, -6.0492, 0.0], [106.9817, -6.0469, 0.0], [106.9807, -6.0468, 0.0], [106.98, -6.0461, 0.0], [106.9801, -6.0453, 0.0], [106.9793, -6.0446, 0.0], [106.9802, -6.0433, 0.0], [106.98233222748816, -6.04620758293839, 0.0], [106.9819, -6.047, 0.0], [106.9826, -6.0467, 0.0], [106.9823, -6.0471, 0.0], [106.9828, -6.0468, 0.0], [106.9833, -6.0474, 0.0]], [[107.02776000000001, -6.0173040000000135, 0.0], [107.0274, -6.0168, 0.0], [107.02728695652173, -6.016878260869568, 0.0], [107.02776000000001, -6.0173040000000135, 0.0]], [[107.0282, -6.0177, 0.0], [107.0301, -6.0186, 0.0], [107.02807499999999, -6.017587499999995, 0.0], [107.0282, -6.0177, 0.0]], [[107.05010960067969, -6.031128632115544, 0.0], [107.05010960067969, -6.031128632115542, 0.0], [107.0483, -6.0297, 0.0], [107.05010960067969, -6.031128632115544, 0.0]], [[107.05162315789472, -6.023357894736841, 0.0], [107.0516, -6.0234, 0.0], [107.0518, -6.0238, 0.0], [107.05162315789472, -6.023357894736841, 0.0]], [[107.0524, -6.0227, 0.0], [107.05218347826087, -6.022339130434782, 0.0], [107.05169361702127, -6.023229787234044, 0.0], [107.0524, -6.0227, 0.0]], [[107.05291238938052, -6.021435398230087, 0.0], [107.0527, -6.0214, 0.0], [107.05243170731708, -6.021887804878041, 0.0], [107.05291238938052, -6.021435398230087, 0.0]], [[107.05359807692308, -6.014534615384613, 0.0], [107.0535, -6.0146, 0.0], [107.0535, -6.0163, 0.0], [107.05359807692308, -6.014534615384613, 0.0]], [[107.0652, -6.0078, 0.0], [107.0586, -6.0112, 0.0], [107.05397419354836, -6.014283870967758, 0.0], [107.0652, -6.0078, 0.0]], [[107.0566, -6.0335, 0.0], [107.0599, -6.0367, 0.0], [107.05996458333334, -6.036672321428569, 0.0], [107.0566, -6.0335, 0.0]], [[107.0392, -5.9824, 0.0], [107.0391, -5.9848, 0.0], [107.0394596153846, -5.985138461538449, 0.0], [107.0393, -5.9845, 0.0], [107.03947910447762, -5.984539800995026, 0.0], [107.0392, -5.9824, 0.0]], [[107.0425, -5.9837, 0.0], [107.03978000000001, -5.984606666666667, 0.0], [107.0402, -5.9847, 0.0], [107.0425, -5.9837, 0.0]], [[107.0818, -5.9905, 0.0], [107.0755, -5.9913, 0.0], [107.08246332574032, -5.990576537585421, 0.0], [107.0818, -5.9905, 0.0]], [[107.0315, -5.9685, 0.0], [107.0294, -5.9679, 0.0], [107.0312, -5.9685, 0.0], [107.0315, -5.9685, 0.0]], [[107.0326, -5.9685, 0.0], [107.03279270072993, -5.968162773722626, 0.0], [107.0315, -5.9685, 0.0], [107.0326, -5.9685, 0.0]], [[107.0353, -5.980623076923081, 0.0], [107.0353, -5.98038636363636, 0.0], [107.0352, -5.9805, 0.0], [107.0353, -5.980623076923081, 0.0]], [[107.03670551181104, -5.982122834645669, 0.0], [107.03591093749999, -5.981374999999989, 0.0], [107.0365, -5.9821, 0.0], [107.03670551181104, -5.982122834645669, 0.0]], [[107.04073846153847, -5.987076923076923, 0.0], [107.0408, -5.9868, 0.0], [107.04076643356643, -5.98676923076923, 0.0], [107.04073846153847, -5.987076923076923, 0.0]], [[107.04064, -5.987520000000001, 0.0], [107.03872631578948, -5.988157894736842, 0.0], [107.0394, -5.9882, 0.0], [107.0406, -5.9877, 0.0], [107.04064, -5.987520000000001, 0.0]], [[107.0337, -5.986, 0.0], [107.03305135135135, -5.986064864864865, 0.0], [107.0378, -5.9881, 0.0], [107.03847062706271, -5.988141914191419, 0.0], [107.0337, -5.986, 0.0]], [[107.0323, -5.9881, 0.0], [107.03287647058823, -5.986082352941177, 0.0], [107.0327, -5.9861, 0.0], [107.0323, -5.9881, 0.0]], [[107.02832635135135, -5.9910662162162165, 0.0], [107.0297, -5.9915, 0.0], [107.0304, -5.9912, 0.0], [107.02832635135135, -5.9910662162162165, 0.0]], [[107.02712857142856, -5.991158241758243, 0.0], [107.02750552486188, -5.991013259668508, 0.0], [107.0273, -5.991, 0.0], [107.02712857142856, -5.991158241758243, 0.0]], [[107.02597341772152, -5.992518987341784, 0.0], [107.0262184, -5.9919983999999955, 0.0], [107.026, -5.9922, 0.0], [107.02597341772152, -5.992518987341784, 0.0]], [[107.027, -5.9937, 0.0], [107.02591666666666, -5.993199999999997, 0.0], [107.0259, -5.9934, 0.0], [107.027, -5.9937, 0.0]], [[107.0231, -6.006010000000006, 0.0], [107.0232, -6.0058, 0.0], [107.0231, -6.0039, 0.0], [107.0231, -6.006010000000006, 0.0]], [[107.02200285714287, -6.008028571428568, 0.0], [107.0222, -6.0079, 0.0], [107.02266153846153, -6.006930769230771, 0.0], [107.02200285714287, -6.008028571428568, 0.0]]]]}}, {"type": "Feature", "properties": {"kecamatan": "Pebayuran", "jumlah_desa": 13}, "geometry": {"type": "Polygon", "coordinates": [[[107.2499, -6.2186, 0.0], [107.2426, -6.212, 0.0], [107.2325, -6.2045, 0.0], [107.2289, -6.2026, 0.0], [107.2281, -6.1968, 0.0], [107.2248, -6.1711, 0.0], [107.2245, -6.1685, 0.0], [107.209, -6.1392, 0.0], [107.2058, -6.1333, 0.0], [107.205, -6.1291, 0.0], [107.2056, -6.1211, 0.0], [107.19, -6.114, 0.0], [107.1906, -6.1103, 0.0], [107.1897, -6.11, 0.0], [107.1905, -6.1079, 0.0], [107.19, -6.1073, 0.0], [107.1921, -6.1024, 0.0], [107.1956, -6.0913, 0.0], [107.2026, -6.0935, 0.0], [107.2117, -6.0997, 0.0], [107.2158, -6.1014, 0.0], [107.2216, -6.1039, 0.0], [107.2301, -6.1026, 0.0], [107.233, -6.1031, 0.0], [107.2359, -6.1044, 0.0], [107.2375, -6.1044, 0.0], [107.2433, -6.101, 0.0], [107.2457, -6.1008, 0.0], [107.2468, -6.1011, 0.0], [107.2479, -6.1024, 0.0], [107.2482, -6.1083, 0.0], [107.248, -6.1157, 0.0], [107.2506, -6.1164, 0.0], [107.2625, -6.111, 0.0], [107.2638, -6.1109, 0.0], [107.2664, -6.1121, 0.0], [107.2689, -6.1142, 0.0], [107.2694, -6.1156, 0.0], [107.2692, -6.1187, 0.0], [107.2704, -6.124, 0.0], [107.27, -6.1275, 0.0], [107.2706, -6.1297, 0.0], [107.2728, -6.1305, 0.0], [107.2771, -6.1274, 0.0], [107.2802, -6.127, 0.0], [107.2812, -6.1276, 0.0], [107.2815, -6.1292, 0.0], [107.2797, -6.132, 0.0], [107.2795, -6.1334, 0.0], [107.28, -6.1342, 0.0], [107.2834, -6.1354, 0.0], [107.2839, -6.1373, 0.0], [107.2822, -6.1405, 0.0], [107.281, -6.1448, 0.0], [107.2814, -6.1468, 0.0], [107.2824, -6.148, 0.0], [107.2858, -6.1487, 0.0], [107.2868, -6.1473, 0.0], [107.2884, -6.1427, 0.0], [107.2896, -6.1412, 0.0], [107.2916, -6.1405, 0.0], [107.2925, -6.1409, 0.0], [107.2925, -6.1423, 0.0], [107.2892, -6.1493, 0.0], [107.2893, -6.1533, 0.0], [107.2888, -6.1557, 0.0], [107.2881, -6.1566, 0.0], [107.282, -6.157, 0.0], [107.2803, -6.1581, 0.0], [107.2785, -6.1611, 0.0], [107.2797, -6.1652, 0.0], [107.2793, -6.1682, 0.0], [107.2791, -6.1703, 0.0], [107.2798, -6.1718, 0.0], [107.2832, -6.1737, 0.0], [107.286, -6.1753, 0.0], [107.2869, -6.1776, 0.0], [107.2859, -6.1827, 0.0], [107.2862, -6.1839, 0.0], [107.2911, -6.1877, 0.0], [107.2923, -6.1918, 0.0], [107.2905, -6.198, 0.0], [107.2908, -6.2006, 0.0], [107.2921, -6.2017, 0.0], [107.296, -6.2013, 0.0], [107.2966, -6.2029, 0.0], [107.2937, -6.2075, 0.0], [107.2933, -6.213, 0.0], [107.2927, -6.2152, 0.0], [107.2917, -6.2166, 0.0], [107.289, -6.2175, 0.0], [107.2839, -6.216, 0.0], [107.2788, -6.2154, 0.0], [107.2733, -6.2158, 0.0], [107.2722, -6.2169, 0.0], [107.2723, -6.219, 0.0], [107.2749, -6.2225, 0.0], [107.2767, -6.2232, 0.0], [107.2807, -6.2234, 0.0], [107.2834, -6.2252, 0.0], [107.2837, -6.2264, 0.0], [107.2821, -6.2289, 0.0], [107.2744, -6.2336, 0.0], [107.2731, -6.2334, 0.0], [107.2702, -6.2315, 0.0], [107.2691, -6.232, 0.0], [107.2694, -6.233, 0.0], [107.2676, -6.2323, 0.0], [107.2663, -6.2305, 0.0], [107.2529, -6.2202, 0.0], [107.2499, -6.2186, 0.0]], [[107.2563, -6.1694, 0.0], [107.2722, -6.1685, 0.0], [107.2665, -6.1688, 0.0], [107.261, -6.1691, 0.0], [107.2467, -6.1699, 0.0], [107.2248, -6.1711, 0.0], [107.2563, -6.1694, 0.0]], [[107.2658, -6.1833, 0.0], [107.2684, -6.1866, 0.0], [107.2563, -6.1694, 0.0], [107.2658, -6.1833, 0.0]], [[107.2341, -6.1449, 0.0], [107.2408, -6.1462, 0.0], [107.209, -6.1392, 0.0], [107.2341, -6.1449, 0.0]], [[107.2609, -6.1279, 0.0], [107.25871746031747, -6.1284158730158715, 0.0], [107.2614, -6.1279, 0.0], [107.27, -6.1275, 0.0], [107.2609, -6.1279, 0.0]], [[107.2631, -6.1972, 0.0], [107.2568, -6.2107, 0.0], [107.2632, -6.197, 0.0], [107.2669, -6.1895, 0.0], [107.2631, -6.1972, 0.0]], [[107.2492, -6.1357, 0.0], [107.24913591549296, -6.1357915492957735, 0.0], [107.2559, -6.1342, 0.0], [107.2492, -6.1357, 0.0]], [[107.24852470178926, -6.136664711729616, 0.0], [107.2556, -6.1552, 0.0], [107.24852470178926, -6.136664711729612, 0.0], [107.24852470178926, -6.136664711729616, 0.0]], [[107.24145, -6.145549999999996, 0.0], [107.2416, -6.1458, 0.0], [107.24280000000005, -6.144199999999954, 0.0], [107.24145, -6.145549999999996, 0.0]]]}}, {"type": "Feature", "properties": {"kecamatan": "Serang Baru", "jumlah_desa": 8}, "geometry": {"type": "Polygon", "coordinates": [[[107.1478, -6.4209, 0.0], [107.1472, -6.4216, 0.0], [107.1478, -6.4226, 0.0], [107.1464, -6.4229, 0.0], [107.1456, -6.4244, 0.0], [107.1441, -6.4224, 0.0], [107.1443, -6.4219, 0.0], [107.1428, -6.4218, 0.0], [107.1412, -6.4226, 0.0], [107.1399, -6.4243, 0.0], [107.138, -6.425, 0.0], [107.1364, -6.4249, 0.0], [107.1353, -6.4258, 0.0], [107.1323, -6.4266, 0.0], [107.1317, -6.4277, 0.0], [107.1303, -6.4283, 0.0], [107.1299, -6.4293, 0.0], [107.1287, -6.4278, 0.0], [107.1266, -6.4281, 0.0], [107.1263, -6.4287, 0.0], [107.1253, -6.4281, 0.0], [107.1242, -6.4283, 0.0], [107.123, -6.4267, 0.0], [107.1211, -6.4269, 0.0], [107.1215, -6.4245, 0.0], [107.1198, -6.4234, 0.0], [107.118, -6.4232, 0.0], [107.1132, -6.4217, 0.0], [107.1121, -6.4206, 0.0], [107.1123, -6.4176, 0.0], [107.1149, -6.4154, 0.0], [107.1152, -6.4114, 0.0], [107.1151, -6.4108, 0.0], [107.1144, -6.411, 0.0], [107.1144, -6.4102, 0.0], [107.117, -6.4082, 0.0], [107.1168, -6.4074, 0.0], [107.1156, -6.4069, 0.0], [107.1155, -6.4038, 0.0], [107.114, -6.4024, 0.0], [107.1143, -6.4003, 0.0], [107.1128, -6.399, 0.0], [107.11281686746987, -6.398932530120484, 0.0], [107.1106, -6.3998, 0.0], [107.1097, -6.4012, 0.0], [107.1072, -6.4015, 0.0], [107.1058, -6.403, 0.0], [107.1057, -6.4037, 0.0], [107.105, -6.4038, 0.0], [107.1051, -6.4045, 0.0], [107.1046, -6.4044, 0.0], [107.1042, -6.4054, 0.0], [107.1025, -6.4048, 0.0], [107.1019, -6.4071, 0.0], [107.0957, -6.4044, 0.0], [107.093, -6.4044, 0.0], [107.0933, -6.4036, 0.0], [107.0923, -6.4032, 0.0], [107.0911, -6.4045, 0.0], [107.0868, -6.4025, 0.0], [107.08502576832151, -6.402406619385343, 0.0], [107.0848, -6.4034, 0.0], [107.0832, -6.4068, 0.0], [107.0816, -6.4063, 0.0], [107.081, -6.4115, 0.0], [107.079, -6.4113, 0.0], [107.0787, -6.412, 0.0], [107.0781, -6.4136, 0.0], [107.079, -6.42, 0.0], [107.0776, -6.4222, 0.0], [107.0754, -6.422, 0.0], [107.075, -6.4226, 0.0], [107.0737, -6.4224, 0.0], [107.0727, -6.423, 0.0], [107.0693, -6.4224, 0.0], [107.0687, -6.4231, 0.0], [107.0655, -6.4227, 0.0], [107.0645, -6.423, 0.0], [107.0645, -6.4243, 0.0], [107.0616, -6.4217, 0.0], [107.0584, -6.423, 0.0], [107.0568, -6.4225, 0.0], [107.0562, -6.4175, 0.0], [107.0555, -6.4175, 0.0], [107.0554, -6.4188, 0.0], [107.0545, -6.4194, 0.0], [107.0552, -6.4207, 0.0], [107.0512, -6.4175, 0.0], [107.0522, -6.4154, 0.0], [107.0554, -6.4155, 0.0], [107.0555, -6.4166, 0.0], [107.0567, -6.4164, 0.0], [107.0578, -6.4153, 0.0], [107.0551, -6.4139, 0.0], [107.0543, -6.4123, 0.0], [107.0556, -6.4112, 0.0], [107.0583, -6.4108, 0.0], [107.0568, -6.408, 0.0], [107.0568, -6.4071, 0.0], [107.0543, -6.4066, 0.0], [107.0545, -6.405, 0.0], [107.0569, -6.4037, 0.0], [107.057, -6.4029, 0.0], [107.059, -6.4031, 0.0], [107.0588, -6.4008, 0.0], [107.0611, -6.4016, 0.0], [107.0629, -6.3987, 0.0], [107.0654, -6.3987, 0.0], [107.0659, -6.3974, 0.0], [107.0652, -6.3953, 0.0], [107.0664, -6.3944, 0.0], [107.067, -6.3971, 0.0], [107.0697, -6.3976, 0.0], [107.0713, -6.396, 0.0], [107.0689, -6.3908, 0.0], [107.0674, -6.3912, 0.0], [107.0675, -6.3871, 0.0], [107.066, -6.3869, 0.0], [107.0678, -6.3847, 0.0], [107.066, -6.3846, 0.0], [107.0654, -6.3835, 0.0], [107.0663, -6.382, 0.0], [107.0686, -6.3804, 0.0], [107.0681, -6.38, 0.0], [107.0663, -6.3807, 0.0], [107.0671, -6.3764, 0.0], [107.0694, -6.3762, 0.0], [107.0696, -6.3737, 0.0], [107.0728, -6.3739, 0.0], [107.0726, -6.3724, 0.0], [107.0751, -6.371, 0.0], [107.0745, -6.3698, 0.0], [107.0728, -6.3707, 0.0], [107.0723, -6.3687, 0.0], [107.0735, -6.3668, 0.0], [107.076, -6.3656, 0.0], [107.0766, -6.363, 0.0], [107.0776, -6.3624, 0.0], [107.0807, -6.3639, 0.0], [107.0875, -6.365, 0.0], [107.0877, -6.3642, 0.0], [107.0894, -6.3648, 0.0], [107.0896, -6.3637, 0.0], [107.0908, -6.3633, 0.0], [107.091, -6.3621, 0.0], [107.0933, -6.3616, 0.0], [107.0958, -6.3623, 0.0], [107.0964, -6.3616, 0.0], [107.0984, -6.362, 0.0], [107.0945, -6.3715, 0.0], [107.09430298507463, -6.373667164179104, 0.0], [107.0969, -6.3741, 0.0], [107.0996, -6.3727, 0.0], [107.1008, -6.3731, 0.0], [107.1033, -6.3689, 0.0], [107.1047, -6.368, 0.0], [107.1102, -6.369, 0.0], [107.114, -6.3706, 0.0], [107.1142, -6.3699, 0.0], [107.1185, -6.3717, 0.0], [107.1215, -6.3704, 0.0], [107.1226, -6.3696, 0.0], [107.1231, -6.3683, 0.0], [107.1249, -6.3675, 0.0], [107.1252, -6.3681, 0.0], [107.1279, -6.3681, 0.0], [107.1286, -6.3693, 0.0], [107.1296, -6.3684, 0.0], [107.1302, -6.3686, 0.0], [107.1294, -6.3698, 0.0], [107.1297, -6.3722, 0.0], [107.1282, -6.3743, 0.0], [107.1294, -6.3741, 0.0], [107.1296, -6.3735, 0.0], [107.1321, -6.3747, 0.0], [107.1351, -6.3749, 0.0], [107.1376, -6.3761, 0.0], [107.1384, -6.3774, 0.0], [107.1426, -6.3785, 0.0], [107.1444, -6.3798, 0.0], [107.1443, -6.3807, 0.0], [107.1483, -6.383, 0.0], [107.1485, -6.3838, 0.0], [107.1494, -6.3845, 0.0], [107.149, -6.385, 0.0], [107.1549, -6.3879, 0.0], [107.158, -6.3835, 0.0], [107.1592, -6.3808, 0.0], [107.1601, -6.3801, 0.0], [107.1624, -6.3801, 0.0], [107.1636, -6.3786, 0.0], [107.1647, -6.3783, 0.0], [107.1638, -6.3797, 0.0], [107.1638, -6.3828, 0.0], [107.1655, -6.3849, 0.0], [107.1663, -6.3853, 0.0], [107.167, -6.3849, 0.0], [107.1714, -6.3919, 0.0], [107.1741, -6.3899, 0.0], [107.1753, -6.3914, 0.0], [107.176, -6.3908, 0.0], [107.1773, -6.3924, 0.0], [107.182, -6.3887, 0.0], [107.1829, -6.3899, 0.0], [107.1841, -6.3903, 0.0], [107.1835, -6.3919, 0.0], [107.1816, -6.3925, 0.0], [107.1811, -6.3961, 0.0], [107.1791, -6.3981, 0.0], [107.177, -6.3982, 0.0], [107.1764, -6.4002, 0.0], [107.175, -6.4002, 0.0], [107.1758, -6.4023, 0.0], [107.1746, -6.4024, 0.0], [107.1723, -6.4014, 0.0], [107.1731, -6.403, 0.0], [107.1722, -6.4054, 0.0], [107.1713, -6.4044, 0.0], [107.1719, -6.4034, 0.0], [107.1714, -6.4028, 0.0], [107.1686, -6.4057, 0.0], [107.1674, -6.4049, 0.0], [107.1662, -6.405, 0.0], [107.1667, -6.4068, 0.0], [107.1663, -6.4071, 0.0], [107.1644, -6.4065, 0.0], [107.1642, -6.4091, 0.0], [107.1628, -6.4097, 0.0], [107.1633, -6.4123, 0.0], [107.1615, -6.412, 0.0], [107.1602, -6.4149, 0.0], [107.1585, -6.415, 0.0], [107.1575, -6.4158, 0.0], [107.1568, -6.4171, 0.0], [107.1577, -6.4179, 0.0], [107.1574, -6.4188, 0.0], [107.1555, -6.4185, 0.0], [107.1547, -6.4198, 0.0], [107.1507, -6.4193, 0.0], [107.1486, -6.4204, 0.0], [107.1486, -6.421, 0.0], [107.1478, -6.4209, 0.0]], [[107.1159, -6.3971, 0.0], [107.1165, -6.3963, 0.0], [107.11587974683543, -6.39709746835443, 0.0], [107.1159, -6.3971, 0.0]], [[107.1189, -6.3957, 0.0], [107.1194, -6.3936, 0.0], [107.1188219512195, -6.3957195121951225, 0.0], [107.1189, -6.3957, 0.0]], [[107.1244, -6.387, 0.0], [107.1232, -6.3872, 0.0], [107.12326, -6.38738, 0.0], [107.1244, -6.387, 0.0]], [[107.1243366197183, -6.387443661971839, 0.0], [107.1256, -6.3855, 0.0], [107.1244, -6.387, 0.0], [107.1243366197183, -6.387443661971839, 0.0]], [[107.1243, -6.3877, 0.0], [107.1258, -6.3895, 0.0], [107.124324, -6.3875319999999975, 0.0], [107.1243, -6.3877, 0.0]], [[107.14121876208897, -6.398504255319148, 0.0], [107.1403, -6.3981, 0.0], [107.13857272727273, -6.3981, 0.0], [107.14121876208897, -6.398504255319148, 0.0]], [[107.1455, -6.4003, 0.0], [107.1463, -6.3984, 0.0], [107.1454, -6.398, 0.0], [107.1462, -6.3985, 0.0], [107.14545359801488, -6.400272704714638, 0.0], [107.1455, -6.4003, 0.0]], [[107.1232888888889, -6.417988888888887, 0.0], [107.1229, -6.4176, 0.0], [107.1232, -6.4181, 0.0], [107.1232888888889, -6.417988888888887, 0.0]], [[107.1243, -6.4147, 0.0], [107.12331219512195, -6.417959756097553, 0.0], [107.1236, -6.4176, 0.0], [107.1243, -6.4147, 0.0]], [[107.0774, -6.3977, 0.0], [107.07789677419348, -6.3973645161290795, 0.0], [107.0772, -6.3978, 0.0], [107.0682, -6.4024, 0.0], [107.0774, -6.3977, 0.0]], [[107.086, -6.3948, 0.0], [107.0846, -6.391, 0.0], [107.0851, -6.3925, 0.0], [107.086, -6.3948, 0.0]], [[107.0853, -6.4012, 0.0], [107.085175, -6.40175, 0.0], [107.086, -6.3998, 0.0], [107.08521884057971, -6.4007942028985525, 0.0], [107.0853, -6.4012, 0.0]], [[107.091, -6.3954, 0.0], [107.09148792270531, -6.397742028985509, 0.0], [107.0916, -6.3977, 0.0], [107.091, -6.3954, 0.0]], [[107.11394505928854, -6.386347430830037, 0.0], [107.1092, -6.3878, 0.0], [107.1139, -6.3864, 0.0], [107.11394505928854, -6.386347430830037, 0.0]], [[107.11872824427482, -6.380687022900745, 0.0], [107.11699230769206, -6.382792307692595, 0.0], [107.1187, -6.3808, 0.0], [107.11872824427482, -6.380687022900745, 0.0]], [[107.12670465116278, -6.379006976744185, 0.0], [107.1266, -6.3791, 0.0], [107.1271, -6.3796, 0.0], [107.12670465116278, -6.379006976744185, 0.0]], [[107.12836888888889, -6.3752288888888895, 0.0], [107.1278, -6.3753, 0.0], [107.1284, -6.3754, 0.0], [107.12836888888889, -6.3752288888888895, 0.0]]]}}, {"type": "Feature", "properties": {"kecamatan": "Setu", "jumlah_desa": 11}, "geometry": {"type": "Polygon", "coordinates": [[[107.0514, -6.3944, 0.0], [107.0472, -6.398, 0.0], [107.0475, -6.3989, 0.0], [107.0461, -6.4028, 0.0], [107.0444, -6.4045, 0.0], [107.0436, -6.4045, 0.0], [107.0415, -6.4069, 0.0], [107.038, -6.4051, 0.0], [107.0349, -6.4054, 0.0], [107.0333, -6.4094, 0.0], [107.0318, -6.4099, 0.0], [107.0307, -6.4113, 0.0], [107.0296, -6.4098, 0.0], [107.0268, -6.4101, 0.0], [107.0268, -6.4088, 0.0], [107.0236, -6.4095, 0.0], [107.0231, -6.4076, 0.0], [107.0216, -6.4077, 0.0], [107.022, -6.4071, 0.0], [107.0231, -6.4071, 0.0], [107.0232, -6.4059, 0.0], [107.0243, -6.4055, 0.0], [107.0243, -6.4049, 0.0], [107.0224, -6.4051, 0.0], [107.0225, -6.4042, 0.0], [107.02255510204081, -6.4041836734693875, 0.0], [107.0215, -6.4038, 0.0], [107.0199, -6.4047, 0.0], [107.0199, -6.4026, 0.0], [107.0209, -6.4018, 0.0], [107.0205, -6.4009, 0.0], [107.0192, -6.4002, 0.0], [107.0141, -6.4017, 0.0], [107.0135, -6.403, 0.0], [107.0136, -6.4017, 0.0], [107.0127, -6.4019, 0.0], [107.0125, -6.4009, 0.0], [107.01, -6.4024, 0.0], [107.0089, -6.4019, 0.0], [107.0091, -6.4007, 0.0], [107.0084, -6.4003, 0.0], [107.0088, -6.3978, 0.0], [107.0085, -6.3955, 0.0], [107.0096, -6.3935, 0.0], [107.0123, -6.3913, 0.0], [107.0106, -6.3903, 0.0], [107.0093, -6.3916, 0.0], [107.0081, -6.3911, 0.0], [107.0073, -6.3886, 0.0], [107.0066, -6.3895, 0.0], [107.006, -6.3888, 0.0], [107.0063, -6.3878, 0.0], [107.0048, -6.3879, 0.0], [107.0049, -6.3868, 0.0], [107.0039, -6.3873, 0.0], [107.0032, -6.3866, 0.0], [107.0041, -6.3839, 0.0], [107.0046, -6.3841, 0.0], [107.0049, -6.3833, 0.0], [107.0045, -6.3831, 0.0], [107.0055, -6.3805, 0.0], [107.0064, -6.378, 0.0], [107.0055, -6.3774, 0.0], [107.0044, -6.3777, 0.0], [107.0045, -6.3765, 0.0], [107.0037, -6.3759, 0.0], [107.0063, -6.3762, 0.0], [107.0037, -6.3758, 0.0], [107.0032, -6.3765, 0.0], [107.0036, -6.3777, 0.0], [107.0019, -6.3789, 0.0], [106.9976, -6.3788, 0.0], [106.9975, -6.378, 0.0], [106.9994, -6.3773, 0.0], [106.9969, -6.3764, 0.0], [106.9969, -6.3744, 0.0], [106.9939, -6.373, 0.0], [106.9936, -6.3719, 0.0], [106.9946, -6.3697, 0.0], [106.9947, -6.3661, 0.0], [106.9916, -6.3645, 0.0], [106.9918, -6.3637, 0.0], [106.991, -6.3635, 0.0], [106.9912, -6.362, 0.0], [106.993, -6.3605, 0.0], [106.9945, -6.3605, 0.0], [106.9964, -6.3591, 0.0], [106.9978, -6.3605, 0.0], [106.9996, -6.3605, 0.0], [107.0009, -6.3591, 0.0], [107.0002, -6.3584, 0.0], [106.9997, -6.3556, 0.0], [107.0001, -6.3557, 0.0], [107.0019, -6.3538, 0.0], [107.0041, -6.3544, 0.0], [107.005, -6.3554, 0.0], [107.0044, -6.3566, 0.0], [107.0056, -6.3567, 0.0], [107.005, -6.3581, 0.0], [107.0067, -6.3589, 0.0], [107.0062, -6.3601, 0.0], [107.0067, -6.3603, 0.0], [107.0076, -6.3602, 0.0], [107.0081, -6.359, 0.0], [107.0092, -6.359, 0.0], [107.0106, -6.3577, 0.0], [107.0121, -6.3576, 0.0], [107.013, -6.3576, 0.0], [107.013, -6.3581, 0.0], [107.0159, -6.3592, 0.0], [107.0144, -6.3585, 0.0], [107.0157, -6.3571, 0.0], [107.0163, -6.3579, 0.0], [107.0162, -6.3564, 0.0], [107.0176, -6.3545, 0.0], [107.0175, -6.3511, 0.0], [107.0171, -6.3502, 0.0], [107.0156, -6.3496, 0.0], [107.0161, -6.3478, 0.0], [107.0155, -6.3473, 0.0], [107.0158, -6.3462, 0.0], [107.0151, -6.3459, 0.0], [107.0163, -6.3443, 0.0], [107.013, -6.3426, 0.0], [107.0146, -6.3427, 0.0], [107.0154, -6.3411, 0.0], [107.0125, -6.3395, 0.0], [107.0144, -6.3359, 0.0], [107.0149, -6.3361, 0.0], [107.0152, -6.3344, 0.0], [107.0156, -6.3344, 0.0], [107.0165, -6.3304, 0.0], [107.0173, -6.3297, 0.0], [107.0194, -6.3304, 0.0], [107.0197, -6.3285, 0.0], [107.0208, -6.3278, 0.0], [107.0234, -6.3292, 0.0], [107.029, -6.3301, 0.0], [107.0301, -6.3277, 0.0], [107.0298, -6.3262, 0.0], [107.0304, -6.3255, 0.0], [107.0314, -6.3249, 0.0], [107.0325, -6.3232, 0.0], [107.034, -6.3236, 0.0], [107.0345, -6.3225, 0.0], [107.0373, -6.3214, 0.0], [107.0367, -6.3209, 0.0], [107.037, -6.32, 0.0], [107.0365, -6.3192, 0.0], [107.037, -6.3173, 0.0], [107.0377, -6.3175, 0.0], [107.038, -6.3166, 0.0], [107.037, -6.3159, 0.0], [107.0379, -6.3125, 0.0], [107.0387, -6.3106, 0.0], [107.0393, -6.3108, 0.0], [107.0399, -6.3088, 0.0], [107.041, -6.3089, 0.0], [107.0412, -6.3074, 0.0], [107.0403, -6.3072, 0.0], [107.0399, -6.3064, 0.0], [107.0536, -6.3062, 0.0], [107.0543, -6.3064, 0.0], [107.0565, -6.3065, 0.0], [107.0565, -6.3071, 0.0], [107.0573, -6.3073, 0.0], [107.0563, -6.3113, 0.0], [107.0564, -6.3125, 0.0], [107.0574, -6.3127, 0.0], [107.0566, -6.3139, 0.0], [107.0616, -6.3159, 0.0], [107.0611, -6.3171, 0.0], [107.0536, -6.3264, 0.0], [107.0513, -6.3281, 0.0], [107.049, -6.3314, 0.0], [107.0473, -6.3328, 0.0], [107.0451, -6.336, 0.0], [107.042, -6.3368, 0.0], [107.04151, -6.33708, 0.0], [107.0416, -6.3387, 0.0], [107.0423, -6.3372, 0.0], [107.0441, -6.3367, 0.0], [107.0438, -6.3381, 0.0], [107.0419, -6.3393, 0.0], [107.0422, -6.3402, 0.0], [107.0434, -6.3403, 0.0], [107.0435, -6.3394, 0.0], [107.0472, -6.3398, 0.0], [107.0473, -6.3406, 0.0], [107.049, -6.3415, 0.0], [107.0488, -6.3421, 0.0], [107.0494, -6.3425, 0.0], [107.0519, -6.3429, 0.0], [107.0532, -6.3429, 0.0], [107.0531, -6.3411, 0.0], [107.0538, -6.3415, 0.0], [107.0562, -6.3418, 0.0], [107.0565, -6.3425, 0.0], [107.0589, -6.3436, 0.0], [107.0592, -6.3429, 0.0], [107.0602, -6.3432, 0.0], [107.0622, -6.3388, 0.0], [107.0635, -6.3382, 0.0], [107.0629, -6.3361, 0.0], [107.0645, -6.3363, 0.0], [107.0651, -6.3351, 0.0], [107.0678, -6.3346, 0.0], [107.0665, -6.3353, 0.0], [107.0673, -6.3368, 0.0], [107.0666, -6.3415, 0.0], [107.0691, -6.3424, 0.0], [107.0706, -6.344, 0.0], [107.0741, -6.345, 0.0], [107.0748, -6.3457, 0.0], [107.0749, -6.3467, 0.0], [107.0768, -6.3469, 0.0], [107.0761, -6.3474, 0.0], [107.0763, -6.3484, 0.0], [107.0753, -6.3506, 0.0], [107.0733, -6.3511, 0.0], [107.0737, -6.3535, 0.0], [107.0754, -6.354, 0.0], [107.0728, -6.355, 0.0], [107.0732, -6.3579, 0.0], [107.0711, -6.3585, 0.0], [107.069, -6.3579, 0.0], [107.0684, -6.359, 0.0], [107.0686, -6.3609, 0.0], [107.0693, -6.3603, 0.0], [107.0704, -6.3604, 0.0], [107.0691, -6.362, 0.0], [107.0695, -6.3634, 0.0], [107.0724, -6.3628, 0.0], [107.0727, -6.3646, 0.0], [107.07099683544304, -6.364303797468354, 0.0], [107.07, -6.3655, 0.0], [107.07, -6.3662, 0.0], [107.0713, -6.3671, 0.0], [107.0735, -6.3651, 0.0], [107.0738, -6.3632, 0.0], [107.075, -6.3637, 0.0], [107.0758, -6.365, 0.0], [107.076, -6.3657, 0.0], [107.0735, -6.3668, 0.0], [107.0722, -6.3688, 0.0], [107.0728, -6.3707, 0.0], [107.0745, -6.3698, 0.0], [107.0751, -6.371, 0.0], [107.0726, -6.3724, 0.0], [107.0728, -6.3739, 0.0], [107.0696, -6.3737, 0.0], [107.0694, -6.3762, 0.0], [107.0671, -6.3764, 0.0], [107.0663, -6.3807, 0.0], [107.0681, -6.38, 0.0], [107.0686, -6.3804, 0.0], [107.0663, -6.382, 0.0], [107.0654, -6.3835, 0.0], [107.066, -6.3846, 0.0], [107.0678, -6.3847, 0.0], [107.066, -6.3869, 0.0], [107.0675, -6.3871, 0.0], [107.0674, -6.3912, 0.0], [107.0689, -6.3908, 0.0], [107.0713, -6.3958, 0.0], [107.0698, -6.3976, 0.0], [107.0669, -6.397, 0.0], [107.0664, -6.3944, 0.0], [107.0652, -6.3953, 0.0], [107.0659, -6.3974, 0.0], [107.0652, -6.3989, 0.0], [107.0636, -6.3984, 0.0], [107.0625, -6.399, 0.0], [107.0612, -6.3981, 0.0], [107.0597, -6.3986, 0.0], [107.0582, -6.3975, 0.0], [107.0551, -6.3972, 0.0], [107.0548, -6.3957, 0.0], [107.0524, -6.3948, 0.0], [107.0514, -6.3944, 0.0]], [[107.0084, -6.375, 0.0], [107.0084, -6.3746, 0.0], [107.0083, -6.375, 0.0], [107.0063, -6.3762, 0.0], [107.0084, -6.375, 0.0]], [[107.02887877094972, -6.355481936685289, 0.0], [107.0287, -6.3554, 0.0], [107.0264, -6.3564, 0.0], [107.02887877094972, -6.355481936685289, 0.0]], [[107.0305, -6.3565, 0.0], [107.0308696, -6.356394400000001, 0.0], [107.02966, -6.355840000000003, 0.0], [107.0305, -6.3565, 0.0]], [[107.03301693811075, -6.3547325732899065, 0.0], [107.0328, -6.3546, 0.0], [107.0326, -6.3559, 0.0], [107.03301693811075, -6.3547325732899065, 0.0]], [[107.0337, -6.3554, 0.0], [107.0346, -6.3557, 0.0], [107.03341875, -6.354978125000004, 0.0], [107.0337, -6.3554, 0.0]], [[107.03702702702704, -6.354378378378381, 0.0], [107.0368, -6.3542, 0.0], [107.0367, -6.3542, 0.0], [107.03702702702704, -6.354378378378381, 0.0]], [[107.0386, -6.3567, 0.0], [107.0382, -6.3553, 0.0], [107.03791685393259, -6.355077528089889, 0.0], [107.0386, -6.3567, 0.0]], [[107.05158571428572, -6.366714285714286, 0.0], [107.0518, -6.3668, 0.0], [107.05194117647058, -6.366358823529414, 0.0], [107.05158571428572, -6.366714285714286, 0.0]], [[107.0457, -6.3651, 0.0], [107.0508, -6.3671, 0.0], [107.0499, -6.3686, 0.0], [107.0509270742358, -6.367132751091701, 0.0], [107.0457, -6.3651, 0.0]], [[107.0493, -6.3721, 0.0], [107.04931276595745, -6.37216170212766, 0.0], [107.0502, -6.3695, 0.0], [107.0493, -6.3721, 0.0]], [[107.00872708803612, -6.381676975169303, 0.0], [107.00816666666671, -6.381500000000014, 0.0], [107.0087, -6.3817, 0.0], [107.00872708803612, -6.381676975169303, 0.0]], [[107.0106, -6.38, 0.0], [107.00969999999992, -6.380850000000061, 0.0], [107.0106798657718, -6.3800171140939606, 0.0], [107.0106, -6.38, 0.0]], [[107.0189, -6.38, 0.0], [107.0232, -6.3818, 0.0], [107.019, -6.38, 0.0], [107.0135, -6.3796, 0.0], [107.0167, -6.3802, 0.0], [107.0189, -6.38, 0.0]], [[107.02483839285713, -6.403507142857146, 0.0], [107.0252, -6.4034, 0.0], [107.02528333333333, -6.403233333333329, 0.0], [107.02483839285713, -6.403507142857146, 0.0]], [[107.0274, -6.375, 0.0], [107.02735970149254, -6.375241791044775, 0.0], [107.0289, -6.3746, 0.0], [107.02892862453531, -6.374522304832715, 0.0], [107.0274, -6.375, 0.0]], [[107.0155, -6.3697, 0.0], [107.0149, -6.3714, 0.0], [107.0151, -6.3709, 0.0], [107.016, -6.3695, 0.0], [107.0155, -6.3697, 0.0]], [[107.0074, -6.3739, 0.0], [107.0074, -6.3745, 0.0], [107.0075, -6.3739, 0.0], [107.0099, -6.3731, 0.0], [107.0074, -6.3739, 0.0]], [[107.0333, -6.3298, 0.0], [107.0309, -6.3295, 0.0], [107.034, -6.3302, 0.0], [107.0333, -6.3298, 0.0]], [[107.0381625, -6.3353375, 0.0], [107.0377875, -6.335112499999997, 0.0], [107.0379, -6.3353, 0.0], [107.0381625, -6.3353375, 0.0]], [[107.0396, -6.3362, 0.0], [107.03856428571429, -6.335578571428575, 0.0], [107.0385, -6.3359, 0.0], [107.0396, -6.3362, 0.0]], [[107.04063775280898, -6.337578426966297, 0.0], [107.0406, -6.3376, 0.0], [107.04055180722891, -6.3377156626506, 0.0], [107.04063775280898, -6.337578426966297, 0.0]], [[107.0534, -6.3645, 0.0], [107.05260952380952, -6.364302380952381, 0.0], [107.05260952380952, -6.364302380952382, 0.0], [107.0534, -6.3645, 0.0]], [[107.0547, -6.3635, 0.0], [107.0542, -6.3638, 0.0], [107.05478638743455, -6.363632460732985, 0.0], [107.0547, -6.3635, 0.0]], [[107.0704, -6.3642, 0.0], [107.0684, -6.367, 0.0], [107.07057595628416, -6.3642306010928955, 0.0], [107.0704, -6.3642, 0.0]], [[107.0427, -6.3266, 0.0], [107.045, -6.327, 0.0], [107.0427272335845, -6.326505920344457, 0.0], [107.0427, -6.3266, 0.0]], [[107.0449, -6.319, 0.0], [107.0430252173913, -6.3254765217391205, 0.0], [107.04558406676782, -6.317423672230688, 0.0], [107.0449, -6.319, 0.0]], [[107.05, -6.3135, 0.0], [107.05002352941176, -6.31337647058824, 0.0], [107.0494, -6.314, 0.0], [107.0472, -6.3137, 0.0], [107.0493, -6.3141, 0.0], [107.05, -6.3135, 0.0]]]}}, {"type": "Feature", "properties": {"kecamatan": "Sukakarya", "jumlah_desa": 7}, "geometry": {"type": "Polygon", "coordinates": [[[107.2289, -6.2026, 0.0], [107.2134, -6.1968, 0.0], [107.184, -6.1761, 0.0], [107.1851, -6.1737, 0.0], [107.1861, -6.1738, 0.0], [107.1858, -6.1715, 0.0], [107.1867, -6.1666, 0.0], [107.1864, -6.1615, 0.0], [107.1889, -6.1616, 0.0], [107.1933, -6.1606, 0.0], [107.1866, -6.1449, 0.0], [107.1869, -6.1457, 0.0], [107.1834, -6.1468, 0.0], [107.1805, -6.147, 0.0], [107.1801, -6.1456, 0.0], [107.1773, -6.1461, 0.0], [107.1774, -6.149, 0.0], [107.1765, -6.149, 0.0], [107.1753, -6.1544, 0.0], [107.1693, -6.1524, 0.0], [107.1708, -6.1483, 0.0], [107.1649, -6.1426, 0.0], [107.1617, -6.1421, 0.0], [107.16, -6.1397, 0.0], [107.1599, -6.1381, 0.0], [107.16003069427526, -6.13766735688185, 0.0], [107.1537, -6.1369, 0.0], [107.1476, -6.137, 0.0], [107.1465, -6.1363, 0.0], [107.1402, -6.1353, 0.0], [107.1393, -6.1348, 0.0], [107.1396, -6.1333, 0.0], [107.1381, -6.1333, 0.0], [107.138, -6.134, 0.0], [107.1364, -6.1338, 0.0], [107.1363, -6.1212, 0.0], [107.1344, -6.1206, 0.0], [107.1346, -6.12, 0.0], [107.1337, -6.1187, 0.0], [107.1347, -6.1175, 0.0], [107.1353, -6.1151, 0.0], [107.1376, -6.114, 0.0], [107.14, -6.107, 0.0], [107.1422, -6.0999, 0.0], [107.1427, -6.0992, 0.0], [107.1638, -6.1054, 0.0], [107.1645, -6.1067, 0.0], [107.1663, -6.1073, 0.0], [107.1664, -6.1081, 0.0], [107.1698, -6.1121, 0.0], [107.1704, -6.1118, 0.0], [107.1709, -6.1123, 0.0], [107.1714, -6.1116, 0.0], [107.1751, -6.1146, 0.0], [107.1756, -6.114, 0.0], [107.1764, -6.1146, 0.0], [107.1768, -6.1143, 0.0], [107.17771858678955, -6.115689861751153, 0.0], [107.1821, -6.1133, 0.0], [107.1823, -6.1141, 0.0], [107.1859, -6.1141, 0.0], [107.186, -6.1146, 0.0], [107.19, -6.114, 0.0], [107.2056, -6.1211, 0.0], [107.2051, -6.1297, 0.0], [107.2058, -6.1333, 0.0], [107.2087, -6.1388, 0.0], [107.2245, -6.1685, 0.0], [107.2248, -6.1711, 0.0], [107.2281, -6.1968, 0.0], [107.2289, -6.2026, 0.0]], [[107.2057, -6.1724, 0.0], [107.20573561544765, -6.172490111373609, 0.0], [107.2248, -6.1711, 0.0], [107.2057, -6.1724, 0.0]], [[107.19218154158216, -6.140005679513183, 0.0], [107.19218154158216, -6.140005679513182, 0.0], [107.1909, -6.1404, 0.0], [107.19218154158216, -6.140005679513183, 0.0]], [[107.1629, -6.125627722772271, 0.0], [107.1629, -6.127600000000085, 0.0], [107.1631, -6.1258, 0.0], [107.1629, -6.125627722772271, 0.0]], [[107.1427837472767, -6.108343877995648, 0.0], [107.15512631579004, -6.1189315789478576, 0.0], [107.1429, -6.1084, 0.0], [107.1427837472767, -6.108343877995648, 0.0]]]}}, {"type": "Feature", "properties": {"kecamatan": "Sukatani", "jumlah_desa": 7}, "geometry": {"type": "MultiPolygon", "coordinates": [[[[107.1773, -6.1712, 0.0], [107.1778, -6.1734, 0.0], [107.1775, -6.1762, 0.0], [107.1727, -6.2054, 0.0], [107.1666, -6.2155, 0.0], [107.1652, -6.2174, 0.0], [107.1627, -6.2169, 0.0], [107.1598, -6.2173, 0.0], [107.1572, -6.2213, 0.0], [107.1569, -6.2236, 0.0], [107.1558, -6.2245, 0.0], [107.1557, -6.2256, 0.0], [107.1562, -6.2257, 0.0], [107.1568, -6.2276, 0.0], [107.1554, -6.2298, 0.0], [107.156, -6.2299, 0.0], [107.157, -6.2332, 0.0], [107.1585, -6.2338, 0.0], [107.1582, -6.2357, 0.0], [107.1574, -6.2363, 0.0], [107.158, -6.2381, 0.0], [107.1571, -6.2391, 0.0], [107.1581, -6.2408, 0.0], [107.159, -6.2411, 0.0], [107.1588, -6.2427, 0.0], [107.1577, -6.2433, 0.0], [107.1587, -6.2437, 0.0], [107.1588, -6.2445, 0.0], [107.1577, -6.2452, 0.0], [107.1569, -6.2467, 0.0], [107.1556, -6.2464, 0.0], [107.1546, -6.2448, 0.0], [107.1532, -6.2447, 0.0], [107.153, -6.244, 0.0], [107.1524, -6.244, 0.0], [107.1526, -6.2409, 0.0], [107.1509, -6.2406, 0.0], [107.1513, -6.2375, 0.0], [107.1502, -6.2371, 0.0], [107.15050437678401, -6.234338867745004, 0.0], [107.1491, -6.2339, 0.0], [107.1477, -6.2319, 0.0], [107.1434, -6.2321, 0.0], [107.1434, -6.2325, 0.0], [107.1421, -6.2328, 0.0], [107.1376, -6.2317, 0.0], [107.1379, -6.2287, 0.0], [107.1373, -6.2285, 0.0], [107.1377, -6.2265, 0.0], [107.1351, -6.2261, 0.0], [107.1351, -6.2246, 0.0], [107.1341, -6.2256, 0.0], [107.1342, -6.2247, 0.0], [107.1328, -6.2244, 0.0], [107.1329, -6.2238, 0.0], [107.1321, -6.2232, 0.0], [107.1323, -6.2215, 0.0], [107.126, -6.2202, 0.0], [107.1285, -6.2103, 0.0], [107.1283, -6.2037, 0.0], [107.1287, -6.2012, 0.0], [107.1268, -6.2001, 0.0], [107.1267, -6.1993, 0.0], [107.1301, -6.1883, 0.0], [107.1325, -6.1879, 0.0], [107.1332, -6.1845, 0.0], [107.1352, -6.1803, 0.0], [107.135, -6.1783, 0.0], [107.1357, -6.1762, 0.0], [107.1347, -6.173, 0.0], [107.1349, -6.1691, 0.0], [107.1345, -6.1678, 0.0], [107.133, -6.1665, 0.0], [107.1473, -6.1681, 0.0], [107.1577, -6.1692, 0.0], [107.1664, -6.1701, 0.0], [107.1773, -6.1712, 0.0]], [[107.1541, -6.2158, 0.0], [107.1453, -6.2121, 0.0], [107.1531, -6.2157, 0.0], [107.1579, -6.2171, 0.0], [107.1541, -6.2158, 0.0]], [[107.1665, -6.196, 0.0], [107.1665, -6.1959, 0.0], [107.1618, -6.2082, 0.0], [107.1665, -6.196, 0.0]], [[107.1464, -6.189350000000023, 0.0], [107.1464, -6.1889, 0.0], [107.14631895734597, -6.1888232227488125, 0.0], [107.1464, -6.189350000000023, 0.0]], [[107.1512, -6.1939, 0.0], [107.1494, -6.1918, 0.0], [107.14938376753507, -6.191796993987975, 0.0], [107.1512, -6.1939, 0.0]]], [[[107.1933, -6.1606, 0.0], [107.1889, -6.1616, 0.0], [107.1864, -6.1615, 0.0], [107.1867, -6.1666, 0.0], [107.1858, -6.1715, 0.0], [107.1861, -6.1738, 0.0], [107.1851, -6.1737, 0.0], [107.184, -6.1761, 0.0], [107.1801, -6.1732, 0.0], [107.1777, -6.1727, 0.0], [107.17745479876162, -6.170929102167184, 0.0], [107.1773, -6.1712, 0.0], [107.1577, -6.1692, 0.0], [107.1586, -6.1629, 0.0], [107.1598, -6.1634, 0.0], [107.1606, -6.1595, 0.0], [107.1619, -6.1592, 0.0], [107.1635, -6.1597, 0.0], [107.1649, -6.1575, 0.0], [107.1672, -6.1576, 0.0], [107.1673, -6.1553, 0.0], [107.164, -6.1535, 0.0], [107.1643, -6.1526, 0.0], [107.1682, -6.1533, 0.0], [107.1679, -6.1521, 0.0], [107.1684, -6.1521, 0.0], [107.1753, -6.1544, 0.0], [107.1765, -6.149, 0.0], [107.1774, -6.149, 0.0], [107.1773, -6.1461, 0.0], [107.1801, -6.1456, 0.0], [107.1803, -6.1469, 0.0], [107.1834, -6.1468, 0.0], [107.1869, -6.1457, 0.0], [107.1933, -6.1606, 0.0]]]]}}, {"type": "Feature", "properties": {"kecamatan": "Sukawangi", "jumlah_desa": 7}, "geometry": {"type": "Polygon", "coordinates": [[[107.1267, -6.1457, 0.0], [107.1265, -6.1474, 0.0], [107.12619289340101, -6.14681370558376, 0.0], [107.1261, -6.1483, 0.0], [107.115, -6.1433, 0.0], [107.1147, -6.1494, 0.0], [107.1143, -6.1493, 0.0], [107.1149, -6.1545, 0.0], [107.1141, -6.1546, 0.0], [107.11364594594595, -6.154032432432433, 0.0], [107.1132, -6.1543, 0.0], [107.1132, -6.1595, 0.0], [107.0852, -6.1584, 0.0], [107.0843166023166, -6.157918146718144, 0.0], [107.0843, -6.1583, 0.0], [107.0665, -6.1576, 0.0], [107.0527, -6.1597, 0.0], [107.0466, -6.1599, 0.0], [107.0444, -6.1573, 0.0], [107.0453, -6.1524, 0.0], [107.0475, -6.1517, 0.0], [107.0469, -6.1495, 0.0], [107.0474, -6.146, 0.0], [107.0488, -6.1446, 0.0], [107.0487, -6.1407, 0.0], [107.0506, -6.1395, 0.0], [107.0533, -6.1398, 0.0], [107.0544, -6.1394, 0.0], [107.0546, -6.1379, 0.0], [107.0574, -6.1344, 0.0], [107.0576, -6.1325, 0.0], [107.0567, -6.1308, 0.0], [107.057, -6.1299, 0.0], [107.0599, -6.1266, 0.0], [107.0619, -6.1269, 0.0], [107.0618, -6.1255, 0.0], [107.0627, -6.1234, 0.0], [107.064, -6.1239, 0.0], [107.0652, -6.1215, 0.0], [107.065, -6.1198, 0.0], [107.0681, -6.1159, 0.0], [107.0669, -6.1126, 0.0], [107.0684, -6.1126, 0.0], [107.0686, -6.1112, 0.0], [107.0673, -6.1113, 0.0], [107.0649, -6.11, 0.0], [107.0651, -6.1077, 0.0], [107.0635, -6.106, 0.0], [107.0632, -6.1033, 0.0], [107.0622, -6.103, 0.0], [107.0603, -6.1037, 0.0], [107.0577, -6.1033, 0.0], [107.0557, -6.1013, 0.0], [107.0549, -6.0997, 0.0], [107.0533, -6.0984, 0.0], [107.0536, -6.0963, 0.0], [107.0532, -6.0949, 0.0], [107.054, -6.0935, 0.0], [107.0529, -6.0922, 0.0], [107.052, -6.089, 0.0], [107.0526, -6.0884, 0.0], [107.0545, -6.0892, 0.0], [107.0562, -6.0865, 0.0], [107.0552, -6.0852, 0.0], [107.0584, -6.0821, 0.0], [107.0574, -6.0804, 0.0], [107.0574, -6.0789, 0.0], [107.0611, -6.0767, 0.0], [107.0622, -6.0734, 0.0], [107.0608, -6.0699, 0.0], [107.0626, -6.0689, 0.0], [107.0625, -6.068, 0.0], [107.0702, -6.0701, 0.0], [107.073, -6.0695, 0.0], [107.0828, -6.065, 0.0], [107.0888, -6.0667, 0.0], [107.0891, -6.0682, 0.0], [107.0892, -6.0726, 0.0], [107.0918, -6.0929, 0.0], [107.0922, -6.0936, 0.0], [107.0958, -6.0946, 0.0], [107.1049, -6.0971, 0.0], [107.1075, -6.0883, 0.0], [107.1107, -6.0893, 0.0], [107.1111, -6.0902, 0.0], [107.113, -6.0909, 0.0], [107.1134, -6.0901, 0.0], [107.1425, -6.0992, 0.0], [107.1376, -6.114, 0.0], [107.13521538461539, -6.115124175824174, 0.0], [107.1353, -6.1151, 0.0], [107.1347, -6.1175, 0.0], [107.1337, -6.1187, 0.0], [107.1341, -6.1197, 0.0], [107.1344, -6.1206, 0.0], [107.1363, -6.1212, 0.0], [107.1364, -6.1338, 0.0], [107.138, -6.134, 0.0], [107.1381, -6.1333, 0.0], [107.1396, -6.1333, 0.0], [107.1392, -6.1353, 0.0], [107.1377, -6.1349, 0.0], [107.1304, -6.1365, 0.0], [107.126, -6.136, 0.0], [107.1258, -6.1365, 0.0], [107.125, -6.1364, 0.0], [107.1242, -6.1371, 0.0], [107.11970147058824, -6.136904411764705, 0.0], [107.1205, -6.1393, 0.0], [107.1212, -6.1393, 0.0], [107.122, -6.1414, 0.0], [107.1246, -6.1451, 0.0], [107.1232, -6.1428, 0.0], [107.1238, -6.1426, 0.0], [107.1241, -6.143, 0.0], [107.1258, -6.1452, 0.0], [107.1279, -6.1452, 0.0], [107.1267, -6.1457, 0.0]], [[107.0684, -6.0811, 0.0], [107.06844462809917, -6.08141239669421, 0.0], [107.0702, -6.0701, 0.0], [107.0684, -6.0811, 0.0]], [[107.0646, -6.1246, 0.0], [107.07558367346937, -6.1295848979591705, 0.0], [107.0726, -6.1279, 0.0], [107.06455555555556, -6.124548148148147, 0.0], [107.0646, -6.1246, 0.0]], [[107.0877, -6.1428, 0.0], [107.0894, -6.1309, 0.0], [107.08929900249376, -6.130709226932663, 0.0], [107.0889, -6.1344, 0.0], [107.0877, -6.1428, 0.0]], [[107.1062, -6.1223, 0.0], [107.1015513412352, -6.11275140361822, 0.0], [107.1014888888889, -6.113074074074089, 0.0], [107.1062, -6.1223, 0.0]], [[107.1084, -6.1238, 0.0], [107.10845917159764, -6.123773372781065, 0.0], [107.1062, -6.1223, 0.0], [107.1084, -6.1238, 0.0]], [[107.1214, -6.1261, 0.0], [107.12307142857144, -6.127152380952391, 0.0], [107.122, -6.1262, 0.0], [107.1191, -6.1253, 0.0], [107.1214, -6.1261, 0.0]], [[107.1187, -6.136, 0.0], [107.1194, -6.136, 0.0], [107.11872625000001, -6.135903750000001, 0.0], [107.1187, -6.136, 0.0]], [[107.0854, -6.1542, 0.0], [107.08539733333333, -6.154186666666653, 0.0], [107.0844, -6.156, 0.0], [107.0854, -6.1542, 0.0]], [[107.1035, -6.1282, 0.0], [107.10442783505154, -6.128292783505155, 0.0], [107.1044, -6.1282, 0.0], [107.1035, -6.1282, 0.0]], [[107.0939, -6.0956, 0.0], [107.0938, -6.0978, 0.0], [107.0939, -6.0961, 0.0], [107.0939, -6.0956, 0.0]], [[107.12385267175573, -6.127644274809162, 0.0], [107.1241, -6.1278, 0.0], [107.1261, -6.121, 0.0], [107.12385267175573, -6.127644274809162, 0.0]], [[107.068562, -6.082234000000032, 0.0], [107.0686, -6.0825, 0.0], [107.0738, -6.0995, 0.0], [107.068562, -6.082234000000032, 0.0]]]}}, {"type": "Feature", "properties": {"kecamatan": "Tambelang", "jumlah_desa": 7}, "geometry": {"type": "Polygon", "coordinates": [[[107.1287, -6.2012, 0.0], [107.1283, -6.2118, 0.0], [107.1265, -6.2179, 0.0], [107.1267, -6.2165, 0.0], [107.1259, -6.2148, 0.0], [107.1163, -6.2072, 0.0], [107.116, -6.2042, 0.0], [107.1126, -6.2027, 0.0], [107.1109, -6.2007, 0.0], [107.1057, -6.2011, 0.0], [107.1058, -6.2006, 0.0], [107.1051, -6.2005, 0.0], [107.1052, -6.1995, 0.0], [107.1042, -6.1992, 0.0], [107.1034, -6.1959, 0.0], [107.1038, -6.1942, 0.0], [107.106, -6.187, 0.0], [107.1046, -6.1846, 0.0], [107.1036, -6.1841, 0.0], [107.1035, -6.1829, 0.0], [107.1012, -6.1824, 0.0], [107.0939, -6.1829, 0.0], [107.0877, -6.1818, 0.0], [107.0906, -6.1745, 0.0], [107.0928, -6.1726, 0.0], [107.0918, -6.1684, 0.0], [107.0919, -6.1644, 0.0], [107.0928, -6.1635, 0.0], [107.093, -6.1607, 0.0], [107.0934, -6.1601, 0.0], [107.094, -6.1604, 0.0], [107.0945, -6.1587, 0.0], [107.1124, -6.1594, 0.0], [107.1132, -6.159430379746835, 0.0], [107.1132, -6.1543, 0.0], [107.1137, -6.154, 0.0], [107.1141, -6.1546, 0.0], [107.1149, -6.1545, 0.0], [107.1143, -6.1493, 0.0], [107.1147, -6.1494, 0.0], [107.115, -6.1433, 0.0], [107.1261, -6.1483, 0.0], [107.12613909382517, -6.148317562149158, 0.0], [107.1267, -6.1457, 0.0], [107.1279, -6.1452, 0.0], [107.1258, -6.1452, 0.0], [107.1226, -6.1418, 0.0], [107.1212, -6.1393, 0.0], [107.1205, -6.1393, 0.0], [107.1196, -6.1369, 0.0], [107.1242, -6.1371, 0.0], [107.125, -6.1364, 0.0], [107.1258, -6.1365, 0.0], [107.126, -6.136, 0.0], [107.1304, -6.1365, 0.0], [107.1377, -6.1349, 0.0], [107.1392, -6.1353, 0.0], [107.1393, -6.1348, 0.0], [107.1433, -6.136, 0.0], [107.1465, -6.1363, 0.0], [107.1476, -6.137, 0.0], [107.1537, -6.1369, 0.0], [107.1603, -6.1377, 0.0], [107.1599, -6.1393, 0.0], [107.1612, -6.1419, 0.0], [107.1657, -6.1431, 0.0], [107.1708, -6.1483, 0.0], [107.1692, -6.1523, 0.0], [107.1679, -6.1521, 0.0], [107.1682, -6.1533, 0.0], [107.1643, -6.1526, 0.0], [107.164, -6.1535, 0.0], [107.1673, -6.1553, 0.0], [107.1672, -6.1576, 0.0], [107.1649, -6.1575, 0.0], [107.1635, -6.1597, 0.0], [107.1619, -6.1592, 0.0], [107.1606, -6.1595, 0.0], [107.1598, -6.1634, 0.0], [107.15429176319202, -6.160964607464721, 0.0], [107.1586, -6.1629, 0.0], [107.1577, -6.1692, 0.0], [107.133, -6.1665, 0.0], [107.1347, -6.1681, 0.0], [107.1347, -6.173, 0.0], [107.1357, -6.1762, 0.0], [107.135, -6.1783, 0.0], [107.1351, -6.1805, 0.0], [107.1332, -6.1845, 0.0], [107.1325, -6.1879, 0.0], [107.1301, -6.1883, 0.0], [107.1267, -6.1993, 0.0], [107.1268, -6.2001, 0.0], [107.1287, -6.2012, 0.0]], [[107.1137, -6.1689, 0.0], [107.1137, -6.1698, 0.0], [107.1147, -6.1661, 0.0], [107.1137, -6.1689, 0.0]], [[107.11425230769231, -6.170612307692308, 0.0], [107.1156, -6.1705, 0.0], [107.1143, -6.1705, 0.0], [107.1144, -6.1698, 0.0], [107.11425230769231, -6.170612307692308, 0.0]], [[107.1131, -6.1717, 0.0], [107.1132, -6.1707, 0.0], [107.1129, -6.1712, 0.0], [107.1131, -6.1717, 0.0]], [[107.11181714285715, -6.185214285714287, 0.0], [107.1125, -6.1818, 0.0], [107.1124, -6.1789, 0.0], [107.11181714285715, -6.185214285714287, 0.0]], [[107.1128, -6.1856, 0.0], [107.11180898203592, -6.185302694610778, 0.0], [107.1118, -6.1854, 0.0], [107.1128, -6.1856, 0.0]]]}}, {"type": "Feature", "properties": {"kecamatan": "Tambun Selatan", "jumlah_desa": 10}, "geometry": {"type": "Polygon", "coordinates": [[[107.064, -6.2783, 0.0], [107.0635, -6.2794, 0.0], [107.0599, -6.2807, 0.0], [107.0594, -6.2833, 0.0], [107.0607, -6.2841, 0.0], [107.0603, -6.2852, 0.0], [107.0582, -6.2864, 0.0], [107.0574, -6.2878, 0.0], [107.0577, -6.2889, 0.0], [107.0595, -6.2897, 0.0], [107.0569, -6.2926, 0.0], [107.0596, -6.2947, 0.0], [107.0593, -6.2959, 0.0], [107.0605, -6.2966, 0.0], [107.0592, -6.298, 0.0], [107.059, -6.2996, 0.0], [107.0541, -6.2995, 0.0], [107.053, -6.3011, 0.0], [107.0534, -6.302, 0.0], [107.053, -6.3031, 0.0], [107.0537, -6.3035, 0.0], [107.0543, -6.3064, 0.0], [107.0434, -6.3064, 0.0], [107.0385, -6.3063, 0.0], [107.0411, -6.2956, 0.0], [107.0403, -6.294, 0.0], [107.0402, -6.2875, 0.0], [107.0383, -6.2873, 0.0], [107.0376, -6.2863, 0.0], [107.0379, -6.2844, 0.0], [107.0359, -6.2823, 0.0], [107.0326, -6.2812, 0.0], [107.0315, -6.2817, 0.0], [107.0302, -6.2815, 0.0], [107.0299, -6.2802, 0.0], [107.0282, -6.2785, 0.0], [107.0282, -6.2776, 0.0], [107.0289, -6.2764, 0.0], [107.0297, -6.2763, 0.0], [107.0288, -6.2764, 0.0], [107.0269, -6.2791, 0.0], [107.0249, -6.2788, 0.0], [107.0225, -6.2804, 0.0], [107.0176, -6.2873, 0.0], [107.0155, -6.2912, 0.0], [107.0146, -6.2907, 0.0], [107.0156, -6.2874, 0.0], [107.0141, -6.2864, 0.0], [107.0146, -6.2836, 0.0], [107.0141, -6.2826, 0.0], [107.0144, -6.2797, 0.0], [107.0169, -6.2756, 0.0], [107.0179, -6.2714, 0.0], [107.0165, -6.2702, 0.0], [107.0172, -6.2682, 0.0], [107.0166, -6.2651, 0.0], [107.0179, -6.2628, 0.0], [107.02, -6.2635, 0.0], [107.0205, -6.263, 0.0], [107.022, -6.2586, 0.0], [107.0227, -6.2573, 0.0], [107.0238, -6.2566, 0.0], [107.0245, -6.2549, 0.0], [107.0287, -6.2525, 0.0], [107.0296, -6.2531, 0.0], [107.0302, -6.2517, 0.0], [107.0303, -6.2503, 0.0], [107.0331, -6.2492, 0.0], [107.0352, -6.2467, 0.0], [107.0372, -6.2466, 0.0], [107.0389, -6.2472, 0.0], [107.0399, -6.2463, 0.0], [107.0415, -6.2461, 0.0], [107.0424, -6.2338, 0.0], [107.0455, -6.2343, 0.0], [107.0464, -6.2367, 0.0], [107.0498, -6.2366, 0.0], [107.0503, -6.238, 0.0], [107.0511, -6.2382, 0.0], [107.0512, -6.2387, 0.0], [107.05117857142857, -6.23874047619048, 0.0], [107.0522, -6.2384, 0.0], [107.0524, -6.2334, 0.0], [107.0519, -6.2328, 0.0], [107.0521, -6.2317, 0.0], [107.0528, -6.2317, 0.0], [107.0527, -6.231, 0.0], [107.051, -6.2307, 0.0], [107.0514, -6.229, 0.0], [107.0505, -6.2277, 0.0], [107.0503, -6.2243, 0.0], [107.0527, -6.2231, 0.0], [107.0537, -6.2238, 0.0], [107.0554, -6.2227, 0.0], [107.0558, -6.2216, 0.0], [107.0566, -6.222, 0.0], [107.0576, -6.2205, 0.0], [107.0592, -6.2206, 0.0], [107.0604, -6.219, 0.0], [107.0617, -6.2191, 0.0], [107.0626, -6.2184, 0.0], [107.0625, -6.2202, 0.0], [107.0635, -6.2205, 0.0], [107.0637, -6.2212, 0.0], [107.0622, -6.2249, 0.0], [107.0627, -6.2264, 0.0], [107.0656, -6.2273, 0.0], [107.0659, -6.2307, 0.0], [107.0628, -6.2357, 0.0], [107.0617, -6.2397, 0.0], [107.0628, -6.2427, 0.0], [107.0651, -6.2435, 0.0], [107.0651, -6.2506, 0.0], [107.0652, -6.2437, 0.0], [107.06544056603774, -6.243539622641511, 0.0], [107.0639, -6.2422, 0.0], [107.0645, -6.2364, 0.0], [107.0674, -6.2309, 0.0], [107.0672, -6.2219, 0.0], [107.0708, -6.2208, 0.0], [107.0711, -6.2196, 0.0], [107.0699, -6.2179, 0.0], [107.0705, -6.2169, 0.0], [107.0715, -6.2167, 0.0], [107.0715, -6.215, 0.0], [107.0739, -6.2154, 0.0], [107.074, -6.2146, 0.0], [107.0752, -6.2146, 0.0], [107.0759, -6.2138, 0.0], [107.0766, -6.2015, 0.0], [107.0773, -6.1986, 0.0], [107.0789, -6.1965, 0.0], [107.0829, -6.2084, 0.0], [107.0877, -6.2235, 0.0], [107.089, -6.225, 0.0], [107.0908, -6.2258, 0.0], [107.0903, -6.2284, 0.0], [107.0908, -6.2301, 0.0], [107.0892, -6.2295, 0.0], [107.0876, -6.2303, 0.0], [107.0868, -6.23, 0.0], [107.0854, -6.2312, 0.0], [107.0859, -6.2319, 0.0], [107.0851, -6.2325, 0.0], [107.0861, -6.2334, 0.0], [107.0867, -6.2354, 0.0], [107.0882, -6.2362, 0.0], [107.0885, -6.2378, 0.0], [107.087, -6.2379, 0.0], [107.0859, -6.2368, 0.0], [107.0838, -6.2362, 0.0], [107.0823, -6.2369, 0.0], [107.08120101010101, -6.240261616161616, 0.0], [107.0816, -6.2409, 0.0], [107.0815, -6.245, 0.0], [107.0821, -6.2462, 0.0], [107.081, -6.2484, 0.0], [107.0813, -6.2491, 0.0], [107.0804, -6.2492, 0.0], [107.0793, -6.2509, 0.0], [107.0795, -6.2527, 0.0], [107.0789, -6.2546, 0.0], [107.0777, -6.2559, 0.0], [107.0764, -6.2564, 0.0], [107.0763, -6.2578, 0.0], [107.0763, -6.2593, 0.0], [107.0735, -6.2609, 0.0], [107.0732, -6.2629, 0.0], [107.075, -6.263, 0.0], [107.0754, -6.2646, 0.0], [107.0748, -6.2664, 0.0], [107.079, -6.2671, 0.0], [107.0785, -6.2684, 0.0], [107.0773, -6.2683, 0.0], [107.0775, -6.2712, 0.0], [107.077, -6.271, 0.0], [107.0768, -6.2699, 0.0], [107.075, -6.2701, 0.0], [107.0734, -6.2694, 0.0], [107.0726, -6.2683, 0.0], [107.0732, -6.2673, 0.0], [107.0721, -6.2679, 0.0], [107.0719, -6.2674, 0.0], [107.0707, -6.2681, 0.0], [107.0707, -6.269, 0.0], [107.069, -6.2691, 0.0], [107.0684, -6.2697, 0.0], [107.0678, -6.2746, 0.0], [107.0668, -6.2744, 0.0], [107.0667, -6.2764, 0.0], [107.0659, -6.2777, 0.0], [107.0655, -6.2783, 0.0], [107.064, -6.2783, 0.0]], [[107.0643, -6.2529, 0.0], [107.0642, -6.2544, 0.0], [107.0651, -6.2506, 0.0], [107.0643, -6.2529, 0.0]], [[107.0593, -6.2613, 0.0], [107.0594, -6.2594, 0.0], [107.05921111111111, -6.261477777777762, 0.0], [107.0593, -6.2613, 0.0]], [[107.03413913043478, -6.270392391304347, 0.0], [107.0334, -6.2703, 0.0], [107.0341, -6.2705, 0.0], [107.03413913043478, -6.270392391304347, 0.0]], [[107.03697368421054, -6.2671368421052644, 0.0], [107.0369, -6.2671, 0.0], [107.0351, -6.2696, 0.0], [107.0365, -6.2678, 0.0], [107.03697368421054, -6.2671368421052644, 0.0]], [[107.04367171717172, -6.283493939393932, 0.0], [107.0469, -6.2815, 0.0], [107.044, -6.2831, 0.0], [107.04367171717172, -6.283493939393932, 0.0]], [[107.0427, -6.2853, 0.0], [107.04339189189187, -6.283829729729752, 0.0], [107.043, -6.2843, 0.0], [107.0427, -6.2853, 0.0]], [[107.0398, -6.2669, 0.0], [107.0405, -6.266, 0.0], [107.0389, -6.2672, 0.0], [107.0379, -6.2676, 0.0], [107.0398, -6.2669, 0.0]], [[107.0575, -6.2649, 0.0], [107.05856666666662, -6.262766666666761, 0.0], [107.05734103671706, -6.265024406047524, 0.0], [107.0575, -6.2649, 0.0]], [[107.05418378378378, -6.256106756756757, 0.0], [107.05400645161289, -6.25618064516129, 0.0], [107.0542, -6.2562, 0.0], [107.05418378378378, -6.256106756756757, 0.0]], [[107.0527, -6.2532, 0.0], [107.0538, -6.2539, 0.0], [107.05266153846154, -6.2530461538461575, 0.0], [107.0527, -6.2532, 0.0]], [[107.0529, -6.248, 0.0], [107.0523, -6.2516, 0.0], [107.05255555555556, -6.2526222222222065, 0.0], [107.0524, -6.2513, 0.0], [107.0529, -6.248, 0.0]], [[107.0685, -6.2437, 0.0], [107.06628009950248, -6.244182587064676, 0.0], [107.0663, -6.2442, 0.0], [107.0685, -6.2437, 0.0]], [[107.0788, -6.2439, 0.0], [107.0753, -6.2431, 0.0], [107.078, -6.2439, 0.0], [107.0788, -6.2439, 0.0]], [[107.053, -6.2451, 0.0], [107.0524, -6.247, 0.0], [107.05241875, -6.2470375, 0.0], [107.053, -6.2451, 0.0]], [[107.0524, -6.2417, 0.0], [107.052, -6.2423, 0.0], [107.05203146067416, -6.242344943820225, 0.0], [107.0524, -6.2417, 0.0]], [[107.052, -6.2411, 0.0], [107.05038270270269, -6.240243783783783, 0.0], [107.0503, -6.2404, 0.0], [107.0524, -6.2417, 0.0], [107.052, -6.2411, 0.0]]]}}, {"type": "Feature", "properties": {"kecamatan": "Tambun Utara", "jumlah_desa": 8}, "geometry": {"type": "Polygon", "coordinates": [[[107.0505, -6.2277, 0.0], [107.0514, -6.229, 0.0], [107.051, -6.2307, 0.0], [107.0527, -6.231, 0.0], [107.0519, -6.2328, 0.0], [107.0524, -6.2334, 0.0], [107.0522, -6.2385, 0.0], [107.0512, -6.2387, 0.0], [107.0511, -6.2382, 0.0], [107.0503, -6.238, 0.0], [107.0498, -6.2366, 0.0], [107.0464, -6.2367, 0.0], [107.0455, -6.2343, 0.0], [107.0387, -6.2325, 0.0], [107.0384, -6.2304, 0.0], [107.0361, -6.2289, 0.0], [107.0345, -6.2289, 0.0], [107.034, -6.2284, 0.0], [107.034, -6.2268, 0.0], [107.0317, -6.227, 0.0], [107.0303, -6.2266, 0.0], [107.031, -6.2237, 0.0], [107.0317, -6.2231, 0.0], [107.0318, -6.221, 0.0], [107.0331, -6.22, 0.0], [107.0329, -6.219, 0.0], [107.031, -6.2165, 0.0], [107.0309, -6.2148, 0.0], [107.0336, -6.213, 0.0], [107.034, -6.2122, 0.0], [107.0337, -6.2107, 0.0], [107.0321, -6.2083, 0.0], [107.0343, -6.2053, 0.0], [107.0359, -6.2054, 0.0], [107.0365, -6.206, 0.0], [107.0376, -6.2067, 0.0], [107.0389, -6.206, 0.0], [107.0389, -6.2039, 0.0], [107.0405, -6.2028, 0.0], [107.0406, -6.2007, 0.0], [107.0417, -6.2002, 0.0], [107.0432, -6.2001, 0.0], [107.0436, -6.1995, 0.0], [107.0434, -6.1983, 0.0], [107.0416, -6.196, 0.0], [107.0428, -6.1937, 0.0], [107.0432, -6.1905, 0.0], [107.0443, -6.1889, 0.0], [107.0444, -6.1859, 0.0], [107.0432, -6.1853, 0.0], [107.042, -6.1863, 0.0], [107.041, -6.1862, 0.0], [107.0404, -6.1854, 0.0], [107.0403, -6.1835, 0.0], [107.0409, -6.1825, 0.0], [107.043, -6.1825, 0.0], [107.0435, -6.1807, 0.0], [107.0426, -6.1794, 0.0], [107.0441, -6.178, 0.0], [107.0448, -6.1757, 0.0], [107.0481, -6.1738, 0.0], [107.0468, -6.1721, 0.0], [107.0464, -6.1699, 0.0], [107.0472, -6.1692, 0.0], [107.049, -6.1692, 0.0], [107.0486, -6.1671, 0.0], [107.0496, -6.1653, 0.0], [107.0466, -6.1599, 0.0], [107.0527, -6.1597, 0.0], [107.0597, -6.1584, 0.0], [107.0664, -6.1576, 0.0], [107.0660909090909, -6.158990909090917, 0.0], [107.0665, -6.1576, 0.0], [107.0803, -6.158, 0.0], [107.0843, -6.1583, 0.0], [107.0945, -6.1587, 0.0], [107.094, -6.1604, 0.0], [107.0934, -6.1601, 0.0], [107.093, -6.1607, 0.0], [107.0928, -6.1635, 0.0], [107.0919, -6.1644, 0.0], [107.0918, -6.1684, 0.0], [107.0928, -6.1726, 0.0], [107.0908, -6.1742, 0.0], [107.0893, -6.1772, 0.0], [107.0889, -6.1796, 0.0], [107.0877, -6.1816, 0.0], [107.0876, -6.1844, 0.0], [107.0864, -6.1858, 0.0], [107.0863, -6.1875, 0.0], [107.0854, -6.1879, 0.0], [107.0844, -6.1872, 0.0], [107.0829, -6.1878, 0.0], [107.081, -6.1875, 0.0], [107.0815, -6.1883, 0.0], [107.0812, -6.193, 0.0], [107.0798, -6.1926, 0.0], [107.0791, -6.1935, 0.0], [107.07790505050505, -6.193316161616162, 0.0], [107.0789, -6.1965, 0.0], [107.0773, -6.1986, 0.0], [107.0766, -6.2015, 0.0], [107.0759, -6.2138, 0.0], [107.0752, -6.2146, 0.0], [107.074, -6.2146, 0.0], [107.0739, -6.2154, 0.0], [107.0715, -6.215, 0.0], [107.0715, -6.2167, 0.0], [107.0705, -6.2169, 0.0], [107.0699, -6.2179, 0.0], [107.0711, -6.2196, 0.0], [107.0708, -6.2208, 0.0], [107.0672, -6.2219, 0.0], [107.0674, -6.2309, 0.0], [107.0644, -6.2365, 0.0], [107.0639, -6.2424, 0.0], [107.0651, -6.2435, 0.0], [107.0644, -6.2433, 0.0], [107.0628, -6.2427, 0.0], [107.0617, -6.2397, 0.0], [107.0628, -6.2357, 0.0], [107.0659, -6.2307, 0.0], [107.0656, -6.2273, 0.0], [107.0627, -6.2264, 0.0], [107.0622, -6.2247, 0.0], [107.0637, -6.2212, 0.0], [107.0635, -6.2205, 0.0], [107.0625, -6.2202, 0.0], [107.06259651162792, -6.21846279069767, 0.0], [107.0618, -6.2191, 0.0], [107.0604, -6.2191, 0.0], [107.0592, -6.2206, 0.0], [107.0576, -6.2205, 0.0], [107.0566, -6.222, 0.0], [107.0558, -6.2216, 0.0], [107.0554, -6.2227, 0.0], [107.0537, -6.2238, 0.0], [107.0528, -6.2232, 0.0], [107.0531906077348, -6.222251381215466, 0.0], [107.0503, -6.2246, 0.0], [107.0505, -6.2277, 0.0]], [[107.06272552083333, -6.192103385416667, 0.0], [107.06272552083333, -6.192103385416666, 0.0], [107.0606, -6.1922, 0.0], [107.06272552083333, -6.192103385416667, 0.0]], [[107.06822608695653, -6.203128985507245, 0.0], [107.0682, -6.2031, 0.0], [107.0666, -6.2034, 0.0], [107.06822608695653, -6.203128985507245, 0.0]], [[107.06803000000001, -6.203628571428567, 0.0], [107.0683, -6.2035, 0.0], [107.06895000000002, -6.203933333333352, 0.0], [107.0683125, -6.203224999999996, 0.0], [107.06803000000001, -6.203628571428567, 0.0]], [[107.0692, -6.2041, 0.0], [107.0723, -6.2024, 0.0], [107.0695, -6.2039, 0.0], [107.0699, -6.2018, 0.0], [107.06911882352942, -6.204045882352948, 0.0], [107.0692, -6.2041, 0.0]], [[107.07461459854015, -6.19839489051095, 0.0], [107.0746, -6.1984, 0.0], [107.0748, -6.1996, 0.0], [107.07461459854015, -6.19839489051095, 0.0]], [[107.0766, -6.1976, 0.0], [107.07656470588235, -6.197523529411766, 0.0], [107.07658130841122, -6.197606542056075, 0.0], [107.0766, -6.1976, 0.0]], [[107.07788666666667, -6.193313333333333, 0.0], [107.0778, -6.1933, 0.0], [107.07694999999998, -6.194250000000016, 0.0], [107.07788666666667, -6.193313333333333, 0.0]], [[107.0637, -6.2083, 0.0], [107.064, -6.2094, 0.0], [107.06372666666667, -6.208215555555557, 0.0], [107.0637, -6.2083, 0.0]], [[107.0643, -6.2064, 0.0], [107.06395263157896, -6.20749999999997, 0.0], [107.06441937984495, -6.206391472868218, 0.0], [107.0643, -6.2064, 0.0]], [[107.04188823529412, -6.200858823529415, 0.0], [107.0419, -6.2009, 0.0], [107.0457, -6.2034, 0.0], [107.04188823529412, -6.200858823529415, 0.0]], [[107.0654029239766, -6.186733918128676, 0.0], [107.0651, -6.1884, 0.0], [107.0654, -6.187, 0.0], [107.0654029239766, -6.186733918128676, 0.0]], [[107.06628805970149, -6.1760283582089555, 0.0], [107.0655, -6.1779, 0.0], [107.0663, -6.1761, 0.0], [107.06628805970149, -6.1760283582089555, 0.0]], [[107.0652, -6.163, 0.0], [107.06522474226804, -6.163018556701031, 0.0], [107.0652705882353, -6.162682352941188, 0.0], [107.0652, -6.163, 0.0]]]}}, {"type": "Feature", "properties": {"kecamatan": "Tarumajaya", "jumlah_desa": 8}, "geometry": {"type": "Polygon", "coordinates": [[[107.0139, -6.1429, 0.0], [107.0134, -6.1504, 0.0], [107.0144, -6.1508, 0.0], [107.0148, -6.1521, 0.0], [107.0147, -6.153, 0.0], [107.0133, -6.1527, 0.0], [107.0132, -6.1534, 0.0], [107.0094, -6.1536, 0.0], [107.0099, -6.1591, 0.0], [107.0087, -6.1626, 0.0], [107.0085, -6.1665, 0.0], [107.0095, -6.167, 0.0], [107.0093, -6.1682, 0.0], [107.0115, -6.1683, 0.0], [107.0108, -6.1725, 0.0], [106.9911, -6.1725, 0.0], [106.979, -6.1726, 0.0], [106.9791, -6.1756, 0.0], [106.973, -6.175, 0.0], [106.9726, -6.1737, 0.0], [106.973, -6.1732, 0.0], [106.9724, -6.1729, 0.0], [106.972, -6.1707, 0.0], [106.9726, -6.1694, 0.0], [106.9716, -6.1689, 0.0], [106.9721, -6.168, 0.0], [106.9715, -6.167, 0.0], [106.9721, -6.1654, 0.0], [106.9718, -6.1653, 0.0], [106.972, -6.1622, 0.0], [106.9715, -6.1605, 0.0], [106.9713, -6.1527, 0.0], [106.9722, -6.1507, 0.0], [106.9719, -6.15, 0.0], [106.9707, -6.1505, 0.0], [106.9713, -6.1489, 0.0], [106.971, -6.1465, 0.0], [106.9718, -6.1459, 0.0], [106.9726, -6.1462, 0.0], [106.9703, -6.1402, 0.0], [106.9707, -6.1401, 0.0], [106.9706, -6.1372, 0.0], [106.9696, -6.1327, 0.0], [106.9703, -6.1322, 0.0], [106.97, -6.1296, 0.0], [106.9705, -6.1271, 0.0], [106.9711, -6.1248, 0.0], [106.9704, -6.1231, 0.0], [106.9709, -6.1202, 0.0], [106.97, -6.1167, 0.0], [106.97, -6.1117, 0.0], [106.9704, -6.1115, 0.0], [106.9705, -6.1102, 0.0], [106.9699, -6.1049, 0.0], [106.9702, -6.0978, 0.0], [106.971, -6.0963, 0.0], [106.97, -6.0908, 0.0], [106.9708, -6.0881, 0.0], [106.9709, -6.084, 0.0], [106.9727, -6.0838, 0.0], [106.9738, -6.0883, 0.0], [106.9733, -6.0849, 0.0], [106.9754, -6.0843, 0.0], [106.9758, -6.0834, 0.0], [106.9816, -6.0825, 0.0], [106.9817, -6.083, 0.0], [106.9824, -6.0823, 0.0], [106.9855, -6.0815, 0.0], [106.9886, -6.0838, 0.0], [106.9903, -6.0866, 0.0], [106.9909, -6.0864, 0.0], [106.9919, -6.0852, 0.0], [106.9927, -6.0854, 0.0], [106.9932, -6.0846, 0.0], [106.9928, -6.0838, 0.0], [106.99297551020408, -6.0833612244897965, 0.0], [106.9918, -6.0827, 0.0], [106.9931, -6.0818, 0.0], [106.9927, -6.0811, 0.0], [106.9918, -6.081, 0.0], [106.9913, -6.0796, 0.0], [106.9918, -6.08, 0.0], [106.99506142857143, -6.082273116883127, 0.0], [106.995, -6.0821, 0.0], [106.9972, -6.0814, 0.0], [106.9973, -6.0795, 0.0], [106.9982, -6.0784, 0.0], [107.001, -6.0781, 0.0], [107.0006, -6.0766, 0.0], [107.001, -6.077, 0.0], [107.002, -6.0766, 0.0], [107.0019, -6.075, 0.0], [107.0021, -6.0763, 0.0], [107.0023, -6.08, 0.0], [107.0017, -6.081, 0.0], [107.0022, -6.0855, 0.0], [107.0028, -6.0846, 0.0], [107.0023, -6.0822, 0.0], [107.0034, -6.0821, 0.0], [107.0035, -6.0817, 0.0], [107.0024, -6.0819, 0.0], [107.0025, -6.0791, 0.0], [107.006, -6.0787, 0.0], [107.0062, -6.0798, 0.0], [107.0074, -6.0799, 0.0], [107.0075, -6.078, 0.0], [107.0101, -6.0773, 0.0], [107.0096, -6.0757, 0.0], [107.0108, -6.0758, 0.0], [107.0112, -6.0782, 0.0], [107.012, -6.078, 0.0], [107.0123, -6.0791, 0.0], [107.0143, -6.0785, 0.0], [107.01592105263155, -6.079599999999978, 0.0], [107.0145, -6.0786, 0.0], [107.0161, -6.0768, 0.0], [107.0149, -6.0762, 0.0], [107.014, -6.0765, 0.0], [107.0123, -6.0752, 0.0], [107.0106, -6.0747, 0.0], [107.0131, -6.0704, 0.0], [107.0164, -6.069, 0.0], [107.0173, -6.0703, 0.0], [107.0183, -6.0703, 0.0], [107.0229, -6.0733, 0.0], [107.0245, -6.0766, 0.0], [107.0242, -6.0774, 0.0], [107.0276, -6.0797, 0.0], [107.0278, -6.0864, 0.0], [107.0284, -6.0873, 0.0], [107.029, -6.0945, 0.0], [107.0299, -6.095, 0.0], [107.0304, -6.105, 0.0], [107.0311, -6.1096, 0.0], [107.0324, -6.1117, 0.0], [107.0326, -6.1188, 0.0], [107.028, -6.1182, 0.0], [107.0278, -6.1194, 0.0], [107.0271, -6.1193, 0.0], [107.0269, -6.1205, 0.0], [107.0253, -6.1207, 0.0], [107.0252, -6.1219, 0.0], [107.0231, -6.1236, 0.0], [107.0219, -6.1239, 0.0], [107.0213, -6.1252, 0.0], [107.0195, -6.131, 0.0], [107.02, -6.1317, 0.0], [107.0198, -6.1345, 0.0], [107.0185, -6.135, 0.0], [107.0181, -6.1343, 0.0], [107.0155, -6.1339, 0.0], [107.015, -6.1357, 0.0], [107.0131, -6.1352, 0.0], [107.0128, -6.137, 0.0], [107.0099, -6.1372, 0.0], [107.0092, -6.1391, 0.0], [107.0099, -6.1392, 0.0], [107.0096, -6.1424, 0.0], [107.0114, -6.1431, 0.0], [107.0139, -6.1429, 0.0]], [[106.9767, -6.1258, 0.0], [106.98094724919092, -6.125535922330098, 0.0], [106.9769, -6.1257, 0.0], [106.9705, -6.1271, 0.0], [106.9767, -6.1258, 0.0]], [[106.9934, -6.0836, 0.0], [106.993, -6.0833, 0.0], [106.99297551020408, -6.0833612244897965, 0.0], [106.9934, -6.0836, 0.0]], [[106.99195170731707, -6.124851707317073, 0.0], [106.99180638297872, -6.124706382978721, 0.0], [106.99176395100413, -6.124863381284717, 0.0], [106.99195170731707, -6.124851707317073, 0.0]], [[106.99591529411764, -6.124924705882352, 0.0], [107.0014, -6.1261, 0.0], [106.99591529411764, -6.124924705882351, 0.0], [106.99591529411764, -6.124924705882352, 0.0]], [[106.9967, -6.1471, 0.0], [106.99704615384616, -6.147619230769231, 0.0], [106.99707500000001, -6.147615625, 0.0], [106.9967, -6.1471, 0.0]], [[106.9911, -6.1485, 0.0], [106.985, -6.1485, 0.0], [106.99108819493316, -6.148599806474314, 0.0], [106.9911, -6.1485, 0.0]], [[106.99501229314421, -6.132141607565012, 0.0], [106.995, -6.1322, 0.0], [106.9963, -6.1365, 0.0], [106.99501229314421, -6.132141607565012, 0.0]], [[106.99493636363636, -6.12867727272727, 0.0], [106.9948, -6.1292, 0.0], [106.9954, -6.1303, 0.0], [106.99493636363636, -6.12867727272727, 0.0]], [[106.9961, -6.0852, 0.0], [106.99606206896551, -6.085093103448259, 0.0], [106.9969, -6.0904, 0.0], [106.9961, -6.0852, 0.0]], [[107.0058, -6.1075, 0.0], [107.0054, -6.1045, 0.0], [107.0041, -6.1022, 0.0], [107.0053, -6.1044, 0.0], [107.0058, -6.1075, 0.0]], [[107.01710559440559, -6.080433566433564, 0.0], [107.01712957746479, -6.0805774647887345, 0.0], [107.0172, -6.0805, 0.0], [107.01710559440559, -6.080433566433564, 0.0]]]}}]}